{
"type": "FeatureCollection",
"name": "comunas_gs",
"crs": { "type": "name", "properties": { "name": "urn:ogc:def:crs:OGC:1.3:CRS84" } },
"features": [
{ "type": "Feature", "properties": { "CUT_REG": "13", "CUT_PROV": "131", "CUT_COM": "13130", "REGION": "Metropolitana de Santiago", "PROVINCIA": "Santiago", "COMUNA": "San Miguel", "SUPERFICIE": 9.63 }, "geometry": { "type": "MultiPolygon", "coordinates": [ [ [ [ -70.654921785999989, -33.476437425999954 ], [ -70.653768404999937, -33.476540175999951 ], [ -70.650320849999957, -33.476801378999937 ], [ -70.64719297299996, -33.476892137999982 ], [ -70.644875514999967, -33.47669981699994 ], [ -70.642659877999961, -33.476570413999973 ], [ -70.641987650999965, -33.476531152999939 ], [ -70.64197401399997, -33.476528889999933 ], [ -70.64189989099998, -33.477513235999929 ], [ -70.64182591499997, -33.478874279999957 ], [ -70.641764010999964, -33.480120631999959 ], [ -70.641671594999934, -33.481242527999946 ], [ -70.641481597999984, -33.482772527999941 ], [ -70.641236481999954, -33.484608668999961 ], [ -70.641217261999941, -33.484797422999975 ], [ -70.641045625999936, -33.486114423999929 ], [ -70.640822208999964, -33.487856829999949 ], [ -70.640611308999951, -33.48950839999997 ], [ -70.640439296999944, -33.490806314999929 ], [ -70.640319297999952, -33.491596314999981 ], [ -70.640185351999946, -33.492592072999969 ], [ -70.639919096999961, -33.494480593999974 ], [ -70.639802791999955, -33.495259992999934 ], [ -70.639701574999947, -33.496084526999915 ], [ -70.639625411999987, -33.496727388999929 ], [ -70.639481411999952, -33.497850747999955 ], [ -70.63943, -33.498630000999988 ], [ -70.639368183999977, -33.499246903999961 ], [ -70.639289844999951, -33.500001222999977 ], [ -70.63916, -33.50098 ], [ -70.63897, -33.502560000999942 ], [ -70.63882, -33.503850000999932 ], [ -70.638809998999989, -33.504100000999976 ], [ -70.63878, -33.504480000999934 ], [ -70.638751197999966, -33.505027239999954 ], [ -70.638748642999985, -33.505075768 ], [ -70.638747597999952, -33.50509564999993 ], [ -70.638745461999974, -33.505136235999949 ], [ -70.638744284999973, -33.50515859099994 ], [ -70.638742343999979, -33.505195452999949 ], [ -70.63874, -33.505240000999947 ], [ -70.63874, -33.505290000999935 ], [ -70.63869, -33.505650000999935 ], [ -70.638509398999986, -33.507140106999941 ], [ -70.638508758999933, -33.507145544999958 ], [ -70.638508744999967, -33.507145666999975 ], [ -70.638508736999938, -33.50714574199997 ], [ -70.638508723999962, -33.507145849999965 ], [ -70.638508717999969, -33.507145901999934 ], [ -70.638508712999965, -33.507145939999923 ], [ -70.63850870999994, -33.507145965999939 ], [ -70.638508700999978, -33.507146035999931 ], [ -70.638508694999985, -33.507146090999974 ], [ -70.638508664999961, -33.507146347999935 ], [ -70.638508590999948, -33.507146975999945 ], [ -70.63850843299997, -33.507148315999984 ], [ -70.638508085999945, -33.507151264999948 ], [ -70.638506476999964, -33.507164937999967 ], [ -70.6385, -33.507220000999951 ], [ -70.63849, -33.507300000999976 ], [ -70.63841, -33.508020000999984 ], [ -70.63839, -33.508120000999938 ], [ -70.638192953999976, -33.508784177999928 ], [ -70.638025182999968, -33.509554710999964 ], [ -70.637925558999939, -33.51001176699998 ], [ -70.637775963999957, -33.510689001999921 ], [ -70.637547647999952, -33.511572479999977 ], [ -70.637338760999981, -33.512471392999927 ], [ -70.637279786999954, -33.512776211999956 ], [ -70.637231162999967, -33.51306795499994 ], [ -70.637118488999988, -33.513739928999932 ], [ -70.637076457999967, -33.514079305999928 ], [ -70.636988075999966, -33.514982406999941 ], [ -70.636837960999969, -33.516540105999972 ], [ -70.636750113999938, -33.517471831999949 ], [ -70.636604642999941, -33.518729771999979 ], [ -70.636749813999984, -33.518756093 ], [ -70.636927192999963, -33.518772797999922 ], [ -70.63715803599996, -33.518781991999965 ], [ -70.637399940999956, -33.518774711999988 ], [ -70.637696702999961, -33.518747656999949 ], [ -70.638224522999963, -33.518654954999924 ], [ -70.6388, -33.518530000999917 ], [ -70.63963724499996, -33.518368210999931 ], [ -70.640935268999954, -33.518115625999933 ], [ -70.642156929999942, -33.517862679999958 ], [ -70.642760500999955, -33.517739019999958 ], [ -70.643826889999957, -33.517522132999943 ], [ -70.644336674999977, -33.517421480999936 ], [ -70.64462277299998, -33.517365893999958 ], [ -70.64551, -33.517190000999967 ], [ -70.646529414999975, -33.516981431999966 ], [ -70.647184888999959, -33.51685433899997 ], [ -70.647670357999971, -33.516756717999939 ], [ -70.648202178999952, -33.516652460999971 ], [ -70.649033031999977, -33.516489581999963 ], [ -70.651267995999959, -33.516051608999931 ], [ -70.652831292999963, -33.515743658999945 ], [ -70.653530942999964, -33.515607566999954 ], [ -70.65574000099997, -33.51517 ], [ -70.657029707999982, -33.514918623999961 ], [ -70.658074742999986, -33.514712559999964 ], [ -70.659372302999941, -33.514305657999955 ], [ -70.660404605999986, -33.513992968999958 ], [ -70.660847173999983, -33.513861765999941 ], [ -70.661403678999989, -33.513693242999977 ], [ -70.662365780999949, -33.513396988999943 ], [ -70.662911566999981, -33.513226813999943 ], [ -70.664266699999985, -33.512816701999945 ], [ -70.664948573999936, -33.512613669999944 ], [ -70.665670645999967, -33.512390408999977 ], [ -70.666311312999937, -33.512192696999932 ], [ -70.666988100999959, -33.511984949999949 ], [ -70.66843739899997, -33.511548471999959 ], [ -70.669340912999985, -33.511281585999939 ], [ -70.670195584999988, -33.511030264999917 ], [ -70.671029621999935, -33.510750345999945 ], [ -70.67084067899998, -33.510345356999942 ], [ -70.670656440999949, -33.509947939999954 ], [ -70.67057215799997, -33.509771554999922 ], [ -70.670395013999951, -33.509387403999945 ], [ -70.670298772999956, -33.509181592999937 ], [ -70.670117184999981, -33.508803226999923 ], [ -70.669889141999988, -33.508319547999974 ], [ -70.669632848999981, -33.507788526999953 ], [ -70.669163990999948, -33.506807974999951 ], [ -70.668889320999938, -33.506209435999963 ], [ -70.66860668299995, -33.505611003999952 ], [ -70.668357210999943, -33.505075054999963 ], [ -70.668133, -33.504615241999943 ], [ -70.667790348999972, -33.50385727299993 ], [ -70.667693054999972, -33.503655290999959 ], [ -70.667332516999977, -33.502914740999977 ], [ -70.66717347499997, -33.502581879999987 ], [ -70.666964109999981, -33.502119893999975 ], [ -70.66659, -33.501310000999972 ], [ -70.666086940999946, -33.500249573999938 ], [ -70.665968625999952, -33.500005400999946 ], [ -70.665748808999979, -33.499532338999984 ], [ -70.665600321999989, -33.499214603999967 ], [ -70.665303464999965, -33.498585096999932 ], [ -70.664966325999956, -33.497859494999943 ], [ -70.664802945999952, -33.497507360999975 ], [ -70.664606901999946, -33.49708527699994 ], [ -70.664205865999975, -33.496219753999981 ], [ -70.663950282999963, -33.495662462999974 ], [ -70.663651639999955, -33.495012693999968 ], [ -70.663551003999942, -33.494813615999924 ], [ -70.663168008999961, -33.493996760999948 ], [ -70.662804438999956, -33.493227364999946 ], [ -70.662531289999947, -33.492644058999929 ], [ -70.662173653999972, -33.491886511999958 ], [ -70.661851190999982, -33.491180983999982 ], [ -70.66125, -33.489896993999935 ], [ -70.661024268999938, -33.489409684999934 ], [ -70.660484628999939, -33.488290696999968 ], [ -70.659666828999946, -33.48654670399997 ], [ -70.659126793999974, -33.485405046999965 ], [ -70.65899315999998, -33.485116928999958 ], [ -70.658834304999971, -33.484775462999949 ], [ -70.658485366999969, -33.484022557999928 ], [ -70.658382969999934, -33.483804409999934 ], [ -70.657902336999939, -33.482789605999969 ], [ -70.657681277999984, -33.482321314999972 ], [ -70.657356509999943, -33.481625348999955 ], [ -70.657089293999945, -33.481050539999941 ], [ -70.656717521999951, -33.480278130999984 ], [ -70.656614642999955, -33.480079075999988 ], [ -70.656156689999989, -33.47926629899996 ], [ -70.655979790999936, -33.478947975999972 ], [ -70.655891151999981, -33.478778794999975 ], [ -70.655763812999965, -33.47846124099992 ], [ -70.655543731999956, -33.477848574999939 ], [ -70.655349825999963, -33.477354385999938 ], [ -70.655187760999979, -33.477007229999963 ], [ -70.655022036999981, -33.476647237999941 ], [ -70.654921785999989, -33.476437425999954 ] ] ] ] } },
{ "type": "Feature", "properties": { "CUT_REG": "13", "CUT_PROV": "131", "CUT_COM": "13118", "REGION": "Metropolitana de Santiago", "PROVINCIA": "Santiago", "COMUNA": "Macul", "SUPERFICIE": 12.81 }, "geometry": { "type": "MultiPolygon", "coordinates": [ [ [ [ -70.590213665999954, -33.510351620999984 ], [ -70.590694514999939, -33.510176029999961 ], [ -70.591220859999964, -33.509924933999969 ], [ -70.591637318999972, -33.509770690999972 ], [ -70.59208724299998, -33.50970191499993 ], [ -70.593021765999936, -33.509623289999979 ], [ -70.594341854999982, -33.509542772999964 ], [ -70.59743550099995, -33.509324998999936 ], [ -70.59913254199995, -33.50921303399997 ], [ -70.599999697999976, -33.509149980999943 ], [ -70.600536473999966, -33.509111050999934 ], [ -70.602329448999967, -33.508980829999985 ], [ -70.603643042999977, -33.508881182999964 ], [ -70.604093786999954, -33.508846987999952 ], [ -70.604409842999985, -33.508823035999953 ], [ -70.605512413999975, -33.508739710999976 ], [ -70.608649998999979, -33.508510000999934 ], [ -70.610775819999958, -33.508411553999963 ], [ -70.612521391999962, -33.508322439999972 ], [ -70.613358914999935, -33.508270029999949 ], [ -70.613822745999983, -33.508230085999969 ], [ -70.613927487999945, -33.507993050999985 ], [ -70.614093124999954, -33.507614030999939 ], [ -70.614194653999959, -33.50718974199998 ], [ -70.61423625599997, -33.506999178999926 ], [ -70.614334716999977, -33.506548158999976 ], [ -70.614289689999964, -33.506027137999972 ], [ -70.61445, -33.50541 ], [ -70.614792923999971, -33.503845178999939 ], [ -70.615466890999983, -33.500799609999937 ], [ -70.615640362999955, -33.50001758999997 ], [ -70.615820640999985, -33.499186651999928 ], [ -70.616256405999934, -33.497229422999965 ], [ -70.616871301999936, -33.494479471999973 ], [ -70.617206861999989, -33.493011094999922 ], [ -70.61761794399996, -33.491296677999969 ], [ -70.618373256999973, -33.487979700999965 ], [ -70.618563207999955, -33.487414103999988 ], [ -70.618924697999944, -33.486827774999952 ], [ -70.620434227999965, -33.484352187999946 ], [ -70.620584350999934, -33.484014715999926 ], [ -70.620943383999986, -33.482681120999978 ], [ -70.621163589999981, -33.48191313399996 ], [ -70.62146992199996, -33.480833634999954 ], [ -70.621698447999961, -33.479979499999949 ], [ -70.622018214999969, -33.478691210999955 ], [ -70.622054533999972, -33.478574804999937 ], [ -70.622280054999976, -33.477805689999968 ], [ -70.622617034999962, -33.476508096999972 ], [ -70.623049187999982, -33.474926258999957 ], [ -70.620896280999943, -33.474820350999941 ], [ -70.619872037999983, -33.474770118999956 ], [ -70.619443716999967, -33.474750028999949 ], [ -70.619229860999951, -33.474739997999954 ], [ -70.618903759999966, -33.47472470099995 ], [ -70.618603986999972, -33.474709723999972 ], [ -70.617818928999952, -33.474670497999966 ], [ -70.617645852999942, -33.474661849999954 ], [ -70.616930997999987, -33.474625738999968 ], [ -70.615873052999973, -33.474569293999934 ], [ -70.614410862999989, -33.474492009999949 ], [ -70.613751943999944, -33.474459852999928 ], [ -70.612507476999951, -33.474399109999972 ], [ -70.612099236999939, -33.474379179999964 ], [ -70.611403679999967, -33.474344731999956 ], [ -70.610938840999964, -33.474320565999939 ], [ -70.610124237999969, -33.474278211999945 ], [ -70.609201995999967, -33.474230214999977 ], [ -70.608715414999949, -33.474204490999952 ], [ -70.60789755899998, -33.474162911999954 ], [ -70.60700144499998, -33.47412060299996 ], [ -70.604824683999936, -33.474009216999931 ], [ -70.602400650999982, -33.473882366999931 ], [ -70.600680000999944, -33.473780000999966 ], [ -70.60015, -33.47376000099996 ], [ -70.599395387999948, -33.473722270999929 ], [ -70.598684582999965, -33.473660053999936 ], [ -70.597912985999983, -33.473634620999974 ], [ -70.597173579999946, -33.473614810999948 ], [ -70.596342896999943, -33.473534522999948 ], [ -70.595294691999982, -33.473588073999956 ], [ -70.59413961599995, -33.473649608999949 ], [ -70.592908317999957, -33.473718559999945 ], [ -70.592258941999958, -33.473755685999947 ], [ -70.591811900999971, -33.473794263999942 ], [ -70.590950047999968, -33.473888838999983 ], [ -70.59032551699994, -33.473972880999959 ], [ -70.58966216999994, -33.474062943999968 ], [ -70.589354620999984, -33.474089635999974 ], [ -70.588795607999941, -33.474037151999937 ], [ -70.587384601999986, -33.473779706999949 ], [ -70.586535594999987, -33.473645006999952 ], [ -70.58624, -33.473610000999948 ], [ -70.585909249999986, -33.473580505999969 ], [ -70.584859641999969, -33.473477656999926 ], [ -70.584263221999947, -33.473388547999932 ], [ -70.583569110999974, -33.473144166999916 ], [ -70.581866562999949, -33.472263026999947 ], [ -70.578157441999963, -33.470329248999981 ], [ -70.577624035999975, -33.470050055999927 ], [ -70.576454399999989, -33.469403456999935 ], [ -70.577147346999936, -33.47267170899994 ], [ -70.577488381999956, -33.47425132099994 ], [ -70.577740001999985, -33.475431683999936 ], [ -70.578048342999978, -33.476937538999948 ], [ -70.578548410999986, -33.479452163999952 ], [ -70.578972669999985, -33.481346194999951 ], [ -70.579365862999964, -33.483133246999948 ], [ -70.579746505999935, -33.484904996999951 ], [ -70.579907568999943, -33.485689776999941 ], [ -70.580276277999985, -33.48750478299997 ], [ -70.580458806999957, -33.488518119999974 ], [ -70.580610337999985, -33.489212428999949 ], [ -70.580948607999972, -33.490132218999975 ], [ -70.581416735999937, -33.490975695999964 ], [ -70.582143909999957, -33.492126055999968 ], [ -70.582622374999971, -33.492887805999935 ], [ -70.583049118999952, -33.493571398999954 ], [ -70.583833436999953, -33.494827004999927 ], [ -70.584259764999956, -33.495502705999968 ], [ -70.584561001999987, -33.495981060999952 ], [ -70.584877250999966, -33.496489242999928 ], [ -70.585332297999969, -33.497217790999969 ], [ -70.585626166999987, -33.497674102999945 ], [ -70.585835499999973, -33.498001941 ], [ -70.586050295999939, -33.498348514999975 ], [ -70.586693673999946, -33.499357627999984 ], [ -70.586827451999966, -33.499575394999972 ], [ -70.587037771999974, -33.499947193999958 ], [ -70.587187012999948, -33.500219608999942 ], [ -70.587992400999951, -33.502119170999947 ], [ -70.588165727999979, -33.502531089999934 ], [ -70.588333853999984, -33.502927701999965 ], [ -70.588854713999979, -33.50413293999997 ], [ -70.589232878999951, -33.504997541999956 ], [ -70.589446383999984, -33.505743800999923 ], [ -70.589592909999965, -33.506489845999958 ], [ -70.589818692999984, -33.50787783 ], [ -70.589950110999951, -33.508594839999944 ], [ -70.590078328999937, -33.509300730999932 ], [ -70.590213665999954, -33.510351620999984 ] ] ] ] } },
{ "type": "Feature", "properties": { "CUT_REG": "13", "CUT_PROV": "131", "CUT_COM": "13123", "REGION": "Metropolitana de Santiago", "PROVINCIA": "Santiago", "COMUNA": "Providencia", "SUPERFICIE": 14.45 }, "geometry": { "type": "MultiPolygon", "coordinates": [ [ [ [ -70.631555358999947, -33.44983042199992 ], [ -70.631634392999956, -33.449583554999947 ], [ -70.631985005999979, -33.448401360999974 ], [ -70.632260311999971, -33.447379113999943 ], [ -70.632847806999962, -33.445424851999967 ], [ -70.633233489999952, -33.444217093999946 ], [ -70.633479952999949, -33.44343510399996 ], [ -70.633926707999933, -33.441763352999942 ], [ -70.634429243999989, -33.440014920999943 ], [ -70.634775316999935, -33.438905596 ], [ -70.635010197999975, -33.437924623999933 ], [ -70.635220125999979, -33.437166380999933 ], [ -70.635389266999937, -33.436460578999956 ], [ -70.635376432999976, -33.435695335999988 ], [ -70.635642805999964, -33.434144248999907 ], [ -70.635861241999976, -33.432785430999957 ], [ -70.636036918999935, -33.431786651999971 ], [ -70.636234701999967, -33.430623187999977 ], [ -70.634287006999955, -33.427871718999938 ], [ -70.633437676999961, -33.426671886999934 ], [ -70.633232116999977, -33.425333920999947 ], [ -70.633065772999942, -33.424941823999959 ], [ -70.632923192999954, -33.424419027999932 ], [ -70.632840019999946, -33.42344472599995 ], [ -70.632733084999984, -33.42275558499994 ], [ -70.632626147999986, -33.422387250999961 ], [ -70.632424158999982, -33.422113971999977 ], [ -70.631925126999988, -33.421579292999972 ], [ -70.631164695999985, -33.420997088999975 ], [ -70.630748834999963, -33.42071192699995 ], [ -70.630356737999989, -33.420414883999968 ], [ -70.629850485999953, -33.420155299999976 ], [ -70.62940795599998, -33.419978287999982 ], [ -70.628943298999957, -33.419779149999961 ], [ -70.628434390999985, -33.419624263999921 ], [ -70.62706254699998, -33.419137480999943 ], [ -70.625699998999949, -33.418530000999965 ], [ -70.624600000999976, -33.417700000999957 ], [ -70.62367719199996, -33.416415921999935 ], [ -70.622902764999935, -33.415420229999938 ], [ -70.622061956999971, -33.414446662999978 ], [ -70.621508794999954, -33.413428844999949 ], [ -70.621357707999948, -33.413234588999956 ], [ -70.621044137999945, -33.41283142899993 ], [ -70.620601608999948, -33.412499530999966 ], [ -70.620076069999982, -33.412202044999965 ], [ -70.619258998999953, -33.411953817999965 ], [ -70.618549427999938, -33.411778816999977 ], [ -70.617877596999961, -33.41146045899994 ], [ -70.617236231999982, -33.411164443999951 ], [ -70.616446857999961, -33.410786203999962 ], [ -70.615512513999988, -33.410154120999962 ], [ -70.614859449999983, -33.40970271499998 ], [ -70.614522120999936, -33.409400892999933 ], [ -70.61397, -33.408940000999962 ], [ -70.605382887999951, -33.409257631999935 ], [ -70.605404672999953, -33.409319174999943 ], [ -70.605511927999942, -33.409509038999943 ], [ -70.60562970999996, -33.409823728999989 ], [ -70.605977673999973, -33.41072209299994 ], [ -70.606096486999945, -33.411193995999938 ], [ -70.606259050999938, -33.411496930999931 ], [ -70.606491690999974, -33.412092378999944 ], [ -70.606870187999959, -33.413326522999974 ], [ -70.607019101999981, -33.413992182999948 ], [ -70.607241162999969, -33.414974272999977 ], [ -70.607543074999967, -33.415760537 ], [ -70.607719403999965, -33.416096756999927 ], [ -70.60697023299997, -33.41625437499993 ], [ -70.606517664999956, -33.416318351999969 ], [ -70.605329111999936, -33.416904824999961 ], [ -70.604855354999984, -33.417185427999989 ], [ -70.604345537999961, -33.417267798999951 ], [ -70.603196134999962, -33.417380987999934 ], [ -70.602736526999934, -33.417499728999928 ], [ -70.602274792999935, -33.417664622999958 ], [ -70.602042772999937, -33.417765843999966 ], [ -70.601595386999975, -33.418028397999926 ], [ -70.601228919999983, -33.418288679999932 ], [ -70.600610848999963, -33.418760578999965 ], [ -70.600251760999981, -33.419021408999981 ], [ -70.599650888999989, -33.419454027999954 ], [ -70.598743641999988, -33.420102268999976 ], [ -70.596870569999965, -33.421491021999934 ], [ -70.595221540999944, -33.422736344999976 ], [ -70.593730069999935, -33.423913484999957 ], [ -70.592278058999966, -33.425049313999978 ], [ -70.590989051999941, -33.426071057999927 ], [ -70.590728645999945, -33.426239454999973 ], [ -70.589826407999965, -33.426938412999959 ], [ -70.588776663999965, -33.427768299999968 ], [ -70.587557102999938, -33.428817583999951 ], [ -70.586549107999986, -33.429690812999965 ], [ -70.585523506999948, -33.430605909999933 ], [ -70.584912933999988, -33.431203422999936 ], [ -70.584499427999958, -33.431758026999937 ], [ -70.584493466999959, -33.431765905999946 ], [ -70.584430018999967, -33.431849710999984 ], [ -70.584061401999975, -33.432306759999953 ], [ -70.583701514999973, -33.432716296999956 ], [ -70.583286657999963, -33.433079433999978 ], [ -70.582953251999982, -33.433341363999951 ], [ -70.582260048999956, -33.433795387999965 ], [ -70.582333616999961, -33.433902504999935 ], [ -70.582450184999971, -33.434073826999963 ], [ -70.583205113999952, -33.434931466999949 ], [ -70.583694898999966, -33.435486538999946 ], [ -70.583866571999977, -33.435682391999933 ], [ -70.58415691099998, -33.436013896999945 ], [ -70.584242214999961, -33.43611080799996 ], [ -70.584531553999966, -33.436427327999979 ], [ -70.584946478999939, -33.436888606999958 ], [ -70.585034246999953, -33.436986473999973 ], [ -70.585178274999976, -33.437150096999972 ], [ -70.585249034999947, -33.437225739999974 ], [ -70.58544300899996, -33.437442268999966 ], [ -70.585563160999982, -33.437575672999962 ], [ -70.585842587999934, -33.437889144999929 ], [ -70.58677060499997, -33.438932468999944 ], [ -70.587025194999967, -33.439226387999938 ], [ -70.587185188999968, -33.439428523999929 ], [ -70.587395903999948, -33.439744226999949 ], [ -70.587543297999957, -33.439978230999934 ], [ -70.587911374999976, -33.440535517999933 ], [ -70.58803931999995, -33.440730745999929 ], [ -70.588139681999962, -33.440878670999943 ], [ -70.588389654999958, -33.44130674299997 ], [ -70.588460277999957, -33.441427636999947 ], [ -70.588601805999986, -33.441641986999961 ], [ -70.588775208999948, -33.44191112599998 ], [ -70.588886427999967, -33.442086859999961 ], [ -70.589173016999951, -33.442535576999937 ], [ -70.589540401999955, -33.443122186999965 ], [ -70.590080514999954, -33.443959677999928 ], [ -70.59039809899997, -33.44447314199995 ], [ -70.590796175999969, -33.445056348999969 ], [ -70.591015035999988, -33.445388099999946 ], [ -70.591237154999988, -33.445762376999923 ], [ -70.591721100999962, -33.446487456999932 ], [ -70.592322274999958, -33.44721823499998 ], [ -70.592808169999955, -33.447758710999942 ], [ -70.594566905999955, -33.446812838999953 ], [ -70.595790728999987, -33.446157900999935 ], [ -70.596110962999944, -33.445983550999983 ], [ -70.596405135999987, -33.445797093999921 ], [ -70.597032283999965, -33.445404466999946 ], [ -70.597221998999942, -33.445280749999938 ], [ -70.598053655999934, -33.44473993299993 ], [ -70.598220983999965, -33.444619601999932 ], [ -70.599187307999955, -33.444662958999963 ], [ -70.599528974999942, -33.444682340999975 ], [ -70.601098897999975, -33.444823121999939 ], [ -70.601733111999977, -33.444880453999929 ], [ -70.602193507999971, -33.444942111999985 ], [ -70.602999602999944, -33.445019499999937 ], [ -70.60393665, -33.445120474999939 ], [ -70.604576251999973, -33.445189110999934 ], [ -70.60600227499998, -33.445393441999947 ], [ -70.607725378999987, -33.445591753999956 ], [ -70.608211133999987, -33.445644146999939 ], [ -70.608539407999956, -33.445687789999965 ], [ -70.608820545999947, -33.445741606999945 ], [ -70.60969, -33.445970000999971 ], [ -70.610898955999971, -33.446341396999969 ], [ -70.611157154999944, -33.446407293999982 ], [ -70.611881886999981, -33.446521711999928 ], [ -70.612744561999989, -33.44665410399994 ], [ -70.613893719999965, -33.446826514999941 ], [ -70.613750094999943, -33.447560126999974 ], [ -70.616130994999949, -33.447948934999943 ], [ -70.617518373999985, -33.448202566999946 ], [ -70.618431916999953, -33.448370524999973 ], [ -70.618602688999943, -33.447822821999985 ], [ -70.618769439999937, -33.447257668999946 ], [ -70.620464855999955, -33.447595223999933 ], [ -70.621552837999957, -33.447811188999935 ], [ -70.622632968999937, -33.44803038699996 ], [ -70.624109791999956, -33.448325523999983 ], [ -70.625140457999976, -33.448532698999934 ], [ -70.62561594999994, -33.44862672499994 ], [ -70.626783693999982, -33.448913908999955 ], [ -70.627118949999954, -33.448979374999965 ], [ -70.628098018999935, -33.449164717999977 ], [ -70.628592522999952, -33.449262764999951 ], [ -70.62926110099994, -33.449392717999956 ], [ -70.62958882199996, -33.449456933999954 ], [ -70.630580382999938, -33.449645278999967 ], [ -70.631555358999947, -33.44983042199992 ] ] ] ] } },
{ "type": "Feature", "properties": { "CUT_REG": "13", "CUT_PROV": "131", "CUT_COM": "13120", "REGION": "Metropolitana de Santiago", "PROVINCIA": "Santiago", "COMUNA": "Ñuñoa", "SUPERFICIE": 16.9 }, "geometry": { "type": "MultiPolygon", "coordinates": [ [ [ [ -70.576454399999989, -33.469403456999935 ], [ -70.577624035999975, -33.470050055999927 ], [ -70.578157441999963, -33.470329248999981 ], [ -70.581866562999949, -33.472263026999947 ], [ -70.583569110999974, -33.473144166999916 ], [ -70.584263221999947, -33.473388547999932 ], [ -70.584859641999969, -33.473477656999926 ], [ -70.585909249999986, -33.473580505999969 ], [ -70.58624, -33.473610000999948 ], [ -70.586535594999987, -33.473645006999952 ], [ -70.587384601999986, -33.473779706999949 ], [ -70.588795607999941, -33.474037151999937 ], [ -70.589354620999984, -33.474089635999974 ], [ -70.58966216999994, -33.474062943999968 ], [ -70.59032551699994, -33.473972880999959 ], [ -70.590950047999968, -33.473888838999983 ], [ -70.591811900999971, -33.473794263999942 ], [ -70.592258941999958, -33.473755685999947 ], [ -70.592908317999957, -33.473718559999945 ], [ -70.59413961599995, -33.473649608999949 ], [ -70.595294691999982, -33.473588073999956 ], [ -70.596342896999943, -33.473534522999948 ], [ -70.597173579999946, -33.473614810999948 ], [ -70.597912985999983, -33.473634620999974 ], [ -70.598684582999965, -33.473660053999936 ], [ -70.599395387999948, -33.473722270999929 ], [ -70.60015, -33.47376000099996 ], [ -70.600680000999944, -33.473780000999966 ], [ -70.602400650999982, -33.473882366999931 ], [ -70.604824683999936, -33.474009216999931 ], [ -70.60700144499998, -33.47412060299996 ], [ -70.60789755899998, -33.474162911999954 ], [ -70.608715414999949, -33.474204490999952 ], [ -70.609201995999967, -33.474230214999977 ], [ -70.610124237999969, -33.474278211999945 ], [ -70.610938840999964, -33.474320565999939 ], [ -70.611403679999967, -33.474344731999956 ], [ -70.612099236999939, -33.474379179999964 ], [ -70.612507476999951, -33.474399109999972 ], [ -70.613751943999944, -33.474459852999928 ], [ -70.614410862999989, -33.474492009999949 ], [ -70.615873052999973, -33.474569293999934 ], [ -70.616930997999987, -33.474625738999968 ], [ -70.617645852999942, -33.474661849999954 ], [ -70.617818928999952, -33.474670497999966 ], [ -70.618603986999972, -33.474709723999972 ], [ -70.618903759999966, -33.47472470099995 ], [ -70.619229860999951, -33.474739997999954 ], [ -70.619443716999967, -33.474750028999949 ], [ -70.619872037999983, -33.474770118999956 ], [ -70.620896280999943, -33.474820350999941 ], [ -70.623049187999982, -33.474926258999957 ], [ -70.623189981999985, -33.474329864999959 ], [ -70.623435208999979, -33.473424191999982 ], [ -70.623559496999974, -33.472903061999943 ], [ -70.623844007999935, -33.471840590999932 ], [ -70.623996466999984, -33.471182827999932 ], [ -70.62410377599997, -33.470525247999944 ], [ -70.624213001999976, -33.470275662999939 ], [ -70.624312444999987, -33.470112105999945 ], [ -70.624409974999935, -33.469998680999936 ], [ -70.624644694999972, -33.469836093999959 ], [ -70.625106645999949, -33.469561183999922 ], [ -70.625630109999975, -33.469239621999968 ], [ -70.625867472999971, -33.469032451999972 ], [ -70.625951482999938, -33.468910925999971 ], [ -70.62604069799994, -33.468724720999937 ], [ -70.626126892999935, -33.468461096999931 ], [ -70.626365735999968, -33.467503491999928 ], [ -70.626818305999961, -33.465943759999959 ], [ -70.626975803999983, -33.46545331599998 ], [ -70.62725181899998, -33.464447924999945 ], [ -70.62761934599996, -33.46328507099998 ], [ -70.627990706999981, -33.461943189999928 ], [ -70.628868775999933, -33.458947929999972 ], [ -70.629786580999962, -33.455696547999928 ], [ -70.630082957999946, -33.454714187999961 ], [ -70.630289526999945, -33.454095551999963 ], [ -70.630566388999966, -33.453218889999953 ], [ -70.63095332599994, -33.451906455999953 ], [ -70.631555358999947, -33.44983042199992 ], [ -70.630580382999938, -33.449645278999967 ], [ -70.62958882199996, -33.449456933999954 ], [ -70.62926110099994, -33.449392717999956 ], [ -70.628592522999952, -33.449262764999951 ], [ -70.628098018999935, -33.449164717999977 ], [ -70.627118949999954, -33.448979374999965 ], [ -70.626783693999982, -33.448913908999955 ], [ -70.62561594999994, -33.44862672499994 ], [ -70.625140457999976, -33.448532698999934 ], [ -70.624109791999956, -33.448325523999983 ], [ -70.622632968999937, -33.44803038699996 ], [ -70.621552837999957, -33.447811188999935 ], [ -70.620464855999955, -33.447595223999933 ], [ -70.618769439999937, -33.447257668999946 ], [ -70.618602688999943, -33.447822821999985 ], [ -70.618431916999953, -33.448370524999973 ], [ -70.617518373999985, -33.448202566999946 ], [ -70.616130994999949, -33.447948934999943 ], [ -70.613750094999943, -33.447560126999974 ], [ -70.613893719999965, -33.446826514999941 ], [ -70.612744561999989, -33.44665410399994 ], [ -70.611881886999981, -33.446521711999928 ], [ -70.611157154999944, -33.446407293999982 ], [ -70.610898955999971, -33.446341396999969 ], [ -70.60969, -33.445970000999971 ], [ -70.608820545999947, -33.445741606999945 ], [ -70.608539407999956, -33.445687789999965 ], [ -70.608211133999987, -33.445644146999939 ], [ -70.607725378999987, -33.445591753999956 ], [ -70.60600227499998, -33.445393441999947 ], [ -70.604576251999973, -33.445189110999934 ], [ -70.60393665, -33.445120474999939 ], [ -70.602999602999944, -33.445019499999937 ], [ -70.602193507999971, -33.444942111999985 ], [ -70.601733111999977, -33.444880453999929 ], [ -70.601098897999975, -33.444823121999939 ], [ -70.599528974999942, -33.444682340999975 ], [ -70.599187307999955, -33.444662958999963 ], [ -70.598220983999965, -33.444619601999932 ], [ -70.598053655999934, -33.44473993299993 ], [ -70.597221998999942, -33.445280749999938 ], [ -70.597032283999965, -33.445404466999946 ], [ -70.596405135999987, -33.445797093999921 ], [ -70.596110962999944, -33.445983550999983 ], [ -70.595790728999987, -33.446157900999935 ], [ -70.594566905999955, -33.446812838999953 ], [ -70.592808169999955, -33.447758710999942 ], [ -70.592322274999958, -33.44721823499998 ], [ -70.591721100999962, -33.446487456999932 ], [ -70.591237154999988, -33.445762376999923 ], [ -70.591015035999988, -33.445388099999946 ], [ -70.590796175999969, -33.445056348999969 ], [ -70.59039809899997, -33.44447314199995 ], [ -70.590080514999954, -33.443959677999928 ], [ -70.589540401999955, -33.443122186999965 ], [ -70.589173016999951, -33.442535576999937 ], [ -70.588886427999967, -33.442086859999961 ], [ -70.588775208999948, -33.44191112599998 ], [ -70.588601805999986, -33.441641986999961 ], [ -70.588460277999957, -33.441427636999947 ], [ -70.588389654999958, -33.44130674299997 ], [ -70.588139681999962, -33.440878670999943 ], [ -70.58803931999995, -33.440730745999929 ], [ -70.587911374999976, -33.440535517999933 ], [ -70.587543297999957, -33.439978230999934 ], [ -70.587395903999948, -33.439744226999949 ], [ -70.587185188999968, -33.439428523999929 ], [ -70.587025194999967, -33.439226387999938 ], [ -70.58677060499997, -33.438932468999944 ], [ -70.585842587999934, -33.437889144999929 ], [ -70.585563160999982, -33.437575672999962 ], [ -70.58544300899996, -33.437442268999966 ], [ -70.585249034999947, -33.437225739999974 ], [ -70.585178274999976, -33.437150096999972 ], [ -70.585034246999953, -33.436986473999973 ], [ -70.584946478999939, -33.436888606999958 ], [ -70.584531553999966, -33.436427327999979 ], [ -70.584242214999961, -33.43611080799996 ], [ -70.58415691099998, -33.436013896999945 ], [ -70.583866571999977, -33.435682391999933 ], [ -70.583694898999966, -33.435486538999946 ], [ -70.583205113999952, -33.434931466999949 ], [ -70.582450184999971, -33.434073826999963 ], [ -70.582333616999961, -33.433902504999935 ], [ -70.582260048999956, -33.433795387999965 ], [ -70.58089589399998, -33.434598225999942 ], [ -70.579623043999959, -33.435313453999981 ], [ -70.578664350999986, -33.435811968999914 ], [ -70.578115499999967, -33.436073411999921 ], [ -70.57750017799998, -33.436259519999957 ], [ -70.576807793999933, -33.436403619999965 ], [ -70.576369019999959, -33.436549502999981 ], [ -70.57586058399994, -33.436762126999945 ], [ -70.57504378699997, -33.437108948999921 ], [ -70.574443193999969, -33.437419374999926 ], [ -70.57392879799994, -33.437680743999977 ], [ -70.573527207, -33.437900591999956 ], [ -70.573403780999968, -33.43817369899994 ], [ -70.573293148999937, -33.438509159999967 ], [ -70.573123788999965, -33.439217600999939 ], [ -70.572966631999975, -33.440256015999985 ], [ -70.572721175999959, -33.441669328999986 ], [ -70.572536810999978, -33.442720140999931 ], [ -70.572323047999987, -33.443916825999963 ], [ -70.572085037999955, -33.445261215999935 ], [ -70.571844977999945, -33.44661799499994 ], [ -70.571631331999981, -33.447803972999964 ], [ -70.57143537099995, -33.448973647999935 ], [ -70.571278714999949, -33.449964441999946 ], [ -70.57118251299994, -33.450580711999983 ], [ -70.570976310999981, -33.451354289999976 ], [ -70.570867872999941, -33.452079692999973 ], [ -70.570770503999938, -33.452961745 ], [ -70.570763632999956, -33.453366324999934 ], [ -70.570968711999967, -33.454249040999962 ], [ -70.571080264999978, -33.454708765999946 ], [ -70.571383805999972, -33.455712840999972 ], [ -70.57154877399995, -33.456306032999976 ], [ -70.571701246999964, -33.456954627999949 ], [ -70.571882452999944, -33.457668049999931 ], [ -70.572287299999971, -33.458888897999934 ], [ -70.572332461999963, -33.459013692999974 ], [ -70.57233916399997, -33.459032212999936 ], [ -70.572395641999947, -33.459181182999941 ], [ -70.572560918999955, -33.459634519999952 ], [ -70.572694601999956, -33.460059962999928 ], [ -70.573143158999983, -33.460997375999973 ], [ -70.573502473999952, -33.461664631999952 ], [ -70.573632963999955, -33.461871920999947 ], [ -70.573780853999949, -33.462134978999977 ], [ -70.573940020999942, -33.46255385999995 ], [ -70.57428312899998, -33.463436112999943 ], [ -70.574377770999945, -33.463696680999931 ], [ -70.574840815999949, -33.464964932999962 ], [ -70.575006782999935, -33.465454127999983 ], [ -70.575170593999985, -33.465969941999951 ], [ -70.575505797999938, -33.466799562999938 ], [ -70.575671730999943, -33.467249538999958 ], [ -70.575787868999953, -33.467568179999944 ], [ -70.575973837999982, -33.468020852999985 ], [ -70.576235256999951, -33.468711413999976 ], [ -70.576341642999978, -33.469012796999941 ], [ -70.576454399999989, -33.469403456999935 ] ] ] ] } },
{ "type": "Feature", "properties": { "CUT_REG": "13", "CUT_PROV": "131", "CUT_COM": "13102", "REGION": "Metropolitana de Santiago", "PROVINCIA": "Santiago", "COMUNA": "Cerrillos", "SUPERFICIE": 16.82 }, "geometry": { "type": "MultiPolygon", "coordinates": [ [ [ [ -70.695378421999976, -33.501996862999924 ], [ -70.696196715999974, -33.50363200299995 ], [ -70.696721212999933, -33.504689937999956 ], [ -70.69712564799994, -33.505506904999947 ], [ -70.697635428999945, -33.506533478999977 ], [ -70.697865628999978, -33.506987929999973 ], [ -70.698309637999955, -33.507901 ], [ -70.698932931999934, -33.509192288999941 ], [ -70.699966254999936, -33.511341875999953 ], [ -70.700288401999956, -33.512041614999923 ], [ -70.700684108999951, -33.512890246999959 ], [ -70.701429159999975, -33.514503329999968 ], [ -70.701719376999961, -33.515134466999939 ], [ -70.701972586999943, -33.515679324999951 ], [ -70.70232680099997, -33.516451596999964 ], [ -70.702587351999966, -33.517010158999945 ], [ -70.703113713999983, -33.518154823999964 ], [ -70.703544022999949, -33.519083838999968 ], [ -70.704020120999985, -33.520185796999954 ], [ -70.704543322999939, -33.521407422999971 ], [ -70.705034773999955, -33.522570309999928 ], [ -70.705390206999937, -33.523401727999946 ], [ -70.705462353999962, -33.523597976999945 ], [ -70.705690955999955, -33.524206282999955 ], [ -70.705843996999988, -33.524924111999944 ], [ -70.705951390999985, -33.52585503499995 ], [ -70.705993945999978, -33.526174757999968 ], [ -70.706017490999955, -33.526720833999946 ], [ -70.706055077999963, -33.527561092999981 ], [ -70.706067428999972, -33.527769282999941 ], [ -70.706097039999989, -33.528362995999942 ], [ -70.706125435999979, -33.528807836999938 ], [ -70.706161591999944, -33.529185731999981 ], [ -70.706167639999933, -33.529389922999933 ], [ -70.70620938999997, -33.529835061999961 ], [ -70.706265934999976, -33.530332719999919 ], [ -70.70638401399998, -33.531412343999925 ], [ -70.707437221999953, -33.531002179 ], [ -70.708737629999987, -33.530501834999946 ], [ -70.710548384999981, -33.529839825999943 ], [ -70.711260978999974, -33.529587032999984 ], [ -70.712666385999967, -33.529064272999953 ], [ -70.713673268999969, -33.528673717999936 ], [ -70.715164075999951, -33.528119524999973 ], [ -70.716168367999956, -33.527739447999977 ], [ -70.716851674999987, -33.527481216999931 ], [ -70.718561631999933, -33.526851874999984 ], [ -70.720089491999943, -33.526279673999973 ], [ -70.721717997999974, -33.525674668999947 ], [ -70.722626142999957, -33.525348184999984 ], [ -70.723386579999953, -33.525062110999954 ], [ -70.724961793999967, -33.524481711999947 ], [ -70.72624764699998, -33.52397724399998 ], [ -70.725147050999965, -33.522513646999982 ], [ -70.724052798999935, -33.521204644999955 ], [ -70.722935801999938, -33.519824368999942 ], [ -70.721988099999976, -33.518540150999968 ], [ -70.721246150999946, -33.517575177999952 ], [ -70.720731000999933, -33.516914250999939 ], [ -70.720508308999968, -33.516636986999963 ], [ -70.719426848999944, -33.515247233999943 ], [ -70.718824585999982, -33.514501013999954 ], [ -70.718364754999982, -33.51393474899993 ], [ -70.719231229999934, -33.513278495999941 ], [ -70.719992027999979, -33.512680372999966 ], [ -70.721335263999947, -33.511468697999931 ], [ -70.723083375999977, -33.509848733999945 ], [ -70.723256900999957, -33.509702100999966 ], [ -70.727042064999978, -33.509885274999931 ], [ -70.728528071999975, -33.509927717999965 ], [ -70.729110000999981, -33.509950000999929 ], [ -70.73048440599996, -33.509990590999962 ], [ -70.732072441999946, -33.510009908999955 ], [ -70.734247323999966, -33.51006250699993 ], [ -70.737236011999983, -33.510031596999966 ], [ -70.738617659999989, -33.510070904999964 ], [ -70.738782147999984, -33.51009351099998 ], [ -70.738936787999933, -33.510133709999934 ], [ -70.739330736999989, -33.510090000999973 ], [ -70.739653851999947, -33.510075295999961 ], [ -70.739854289999982, -33.510078628999963 ], [ -70.738782776999983, -33.50772227899995 ], [ -70.737950996999984, -33.505865699999966 ], [ -70.737120364999953, -33.504097937999973 ], [ -70.736694066999974, -33.503162530999923 ], [ -70.736274127999934, -33.502232568999943 ], [ -70.735282886999983, -33.500111385999951 ], [ -70.734991075999972, -33.499443780999968 ], [ -70.734368399999937, -33.498138994999977 ], [ -70.734215914999936, -33.497828616999989 ], [ -70.733796726999969, -33.49707734199994 ], [ -70.733489497999983, -33.496691084999952 ], [ -70.733171643999981, -33.496291992999943 ], [ -70.732790870999963, -33.495869912999972 ], [ -70.732440243999974, -33.495517132999964 ], [ -70.731852604, -33.494997764999923 ], [ -70.731479871999966, -33.494716584999942 ], [ -70.731304888999944, -33.485553937999953 ], [ -70.731354009999961, -33.482455306999945 ], [ -70.731002214999933, -33.482484081999907 ], [ -70.730528548999985, -33.482469820999938 ], [ -70.730289998999979, -33.482470000999953 ], [ -70.729639986999985, -33.482532931999962 ], [ -70.72934939299995, -33.482596638999951 ], [ -70.728910357999965, -33.482713119999971 ], [ -70.728534542, -33.48278696199997 ], [ -70.728136664999965, -33.482825319999961 ], [ -70.727775795999946, -33.482755788999945 ], [ -70.727369505999945, -33.482549693999935 ], [ -70.727048977999971, -33.482181343999976 ], [ -70.726731766999933, -33.481979969999941 ], [ -70.726366811999981, -33.481883648999947 ], [ -70.726032571999951, -33.481900235999944 ], [ -70.724583997999957, -33.482299976999961 ], [ -70.724542778999933, -33.481956491999931 ], [ -70.724452668999959, -33.48156134699996 ], [ -70.724179429999936, -33.481050126999946 ], [ -70.72387712699998, -33.48071634799993 ], [ -70.723619663999955, -33.480296408999941 ], [ -70.723517567999977, -33.479993608999962 ], [ -70.723052000999985, -33.477691593999957 ], [ -70.722349864999956, -33.474044751999926 ], [ -70.722264155999937, -33.473670141999939 ], [ -70.722141315999977, -33.473397454999933 ], [ -70.721986673999936, -33.473210360999921 ], [ -70.721535467999956, -33.47359518899998 ], [ -70.720815842999968, -33.474206465999941 ], [ -70.720726315999983, -33.474286448999976 ], [ -70.720627989999969, -33.474353429999958 ], [ -70.720433019999973, -33.474500492999944 ], [ -70.720341667999946, -33.474560218999954 ], [ -70.720176088999949, -33.474681819999944 ], [ -70.720072932999983, -33.474770699999958 ], [ -70.719976390999989, -33.474877860999982 ], [ -70.71976796499996, -33.475064478999961 ], [ -70.719612800999982, -33.475208360999943 ], [ -70.719391840999947, -33.475409708999962 ], [ -70.719091293999952, -33.475689466999938 ], [ -70.718710588999954, -33.47601924899994 ], [ -70.71853854799997, -33.476174341999979 ], [ -70.718386125999984, -33.476313652999977 ], [ -70.718226950999977, -33.476399371999939 ], [ -70.717945097999973, -33.476616829999955 ], [ -70.717721454999946, -33.476826322999955 ], [ -70.717516629999977, -33.47697948299998 ], [ -70.717324800999961, -33.477142005999937 ], [ -70.717011573999969, -33.477429092999955 ], [ -70.716747358999953, -33.477674936999961 ], [ -70.716589119999981, -33.477808360999965 ], [ -70.716422470999987, -33.478020640999937 ], [ -70.716300353999941, -33.478181003999964 ], [ -70.716128469999944, -33.478344442999962 ], [ -70.715892749999966, -33.478519501999983 ], [ -70.715636844999949, -33.478681717999955 ], [ -70.715431846999934, -33.478826524999931 ], [ -70.715218472999936, -33.478979799999927 ], [ -70.714858029999959, -33.479255603999938 ], [ -70.714503746999981, -33.479555182999945 ], [ -70.714295616999948, -33.479685715999942 ], [ -70.714071570999977, -33.479803344999944 ], [ -70.713903032999951, -33.479920206999957 ], [ -70.713850897999976, -33.480019947999949 ], [ -70.713796292999973, -33.48013881299994 ], [ -70.713728665999952, -33.480247119999937 ], [ -70.713688188999981, -33.480288242999961 ], [ -70.713599390999946, -33.480333611999981 ], [ -70.713452707999977, -33.480403642999924 ], [ -70.713275275999933, -33.480502730999945 ], [ -70.713119623999944, -33.480626619999953 ], [ -70.712917077, -33.480798575999977 ], [ -70.712720784999988, -33.480974481999965 ], [ -70.712620678999954, -33.481096360999963 ], [ -70.712566319999951, -33.481155569999927 ], [ -70.712509951999948, -33.481184981999945 ], [ -70.712414988999967, -33.481206575999977 ], [ -70.71227, -33.481210000999958 ], [ -70.711932871999977, -33.481196535999956 ], [ -70.711763170999973, -33.481182177999983 ], [ -70.711606677999953, -33.481187918999971 ], [ -70.711534417999985, -33.481205618999979 ], [ -70.711470540999983, -33.481287626999979 ], [ -70.71142, -33.48132 ], [ -70.711275414999989, -33.481355937999986 ], [ -70.711077801999977, -33.481297822999977 ], [ -70.710437919999947, -33.481047772999943 ], [ -70.709939562999978, -33.480899557999976 ], [ -70.709602374999974, -33.480838594999966 ], [ -70.709282946999963, -33.480811983999956 ], [ -70.708942207999939, -33.480830049999945 ], [ -70.708158010999966, -33.480945605999985 ], [ -70.707832402999941, -33.480966796999944 ], [ -70.70732989399994, -33.480957854999929 ], [ -70.706734469999958, -33.480880518999982 ], [ -70.705926541999986, -33.480772342999941 ], [ -70.705150369999956, -33.480613616999953 ], [ -70.70433868799995, -33.480458954999953 ], [ -70.702374371999952, -33.480040960999922 ], [ -70.700748369999985, -33.479741173999962 ], [ -70.699549829999967, -33.479459362999926 ], [ -70.69914463899994, -33.479414812999941 ], [ -70.698711959999969, -33.47942074499997 ], [ -70.698527704999947, -33.479389866999952 ], [ -70.697963442999935, -33.479145871999947 ], [ -70.697635393999974, -33.479041801999969 ], [ -70.696972456999958, -33.478920842999969 ], [ -70.695822138999972, -33.478701565999977 ], [ -70.694872739999937, -33.478491459999923 ], [ -70.693639068999971, -33.478231545999961 ], [ -70.692758529999949, -33.478047921999966 ], [ -70.692328456999974, -33.477967898999957 ], [ -70.692219555999941, -33.47795 ], [ -70.692094611999948, -33.47790875699998 ], [ -70.692012346999945, -33.477878817999958 ], [ -70.69187, -33.477820001999923 ], [ -70.691514, -33.477613177999949 ], [ -70.691024949999985, -33.477281987999966 ], [ -70.690785373999972, -33.477129209999937 ], [ -70.690602848999958, -33.477055107999945 ], [ -70.690427218999957, -33.477028154999978 ], [ -70.690045599999962, -33.477038371999981 ], [ -70.689460761999953, -33.477096453999927 ], [ -70.68911709799994, -33.47708181199993 ], [ -70.688768768999978, -33.477002808999941 ], [ -70.688419800999952, -33.476890886999961 ], [ -70.687912166999979, -33.476701668999972 ], [ -70.687425681999969, -33.476545803999954 ], [ -70.686875068999939, -33.476386515999927 ], [ -70.686541412999986, -33.476267759999971 ], [ -70.68644016099995, -33.476367542999981 ], [ -70.686327251999955, -33.476476928999944 ], [ -70.686292990999959, -33.476530842999978 ], [ -70.686131155999988, -33.476760197999965 ], [ -70.68600620999996, -33.476953736999967 ], [ -70.68591153999995, -33.477240396999939 ], [ -70.685892560999946, -33.47731891799998 ], [ -70.685797775999959, -33.47771724699993 ], [ -70.685748291, -33.477925983999953 ], [ -70.68564134199994, -33.478284392999967 ], [ -70.685580865999952, -33.478572496999966 ], [ -70.685536654999964, -33.478818384999954 ], [ -70.685504217999949, -33.479084154999953 ], [ -70.685513322999952, -33.479201424999928 ], [ -70.685533374999977, -33.479472207999947 ], [ -70.68569002199996, -33.479947839999951 ], [ -70.68576498699997, -33.480148894999942 ], [ -70.686000000999968, -33.48077 ], [ -70.68617742899994, -33.481219938999971 ], [ -70.686256921999984, -33.481412062999929 ], [ -70.686333967999985, -33.481620455999973 ], [ -70.686572045999981, -33.482224465999941 ], [ -70.686778224999955, -33.482725115999976 ], [ -70.687161105999962, -33.483674323999935 ], [ -70.687733984999966, -33.485169734999943 ], [ -70.688107096999943, -33.486054648999982 ], [ -70.688439389999985, -33.486831313999971 ], [ -70.688931819999937, -33.487994243999928 ], [ -70.68913404999995, -33.488460247999953 ], [ -70.689467136999951, -33.489341267999976 ], [ -70.68973682799998, -33.48994316899995 ], [ -70.690263708999964, -33.491118506999953 ], [ -70.690769242999977, -33.492249753999928 ], [ -70.690850090999959, -33.492453372999925 ], [ -70.691274324999938, -33.493532756999961 ], [ -70.691470994, -33.493966121999954 ], [ -70.691821131, -33.494727260999973 ], [ -70.692123596999977, -33.495379889999988 ], [ -70.692422756999974, -33.496008701999983 ], [ -70.692724276999968, -33.496648813999968 ], [ -70.69291433099994, -33.497048861999922 ], [ -70.693117102999963, -33.497480350999965 ], [ -70.693340689999957, -33.497956889999948 ], [ -70.693540981999945, -33.498370515999959 ], [ -70.693712493999953, -33.498732042999961 ], [ -70.693849892999935, -33.499023647999927 ], [ -70.694048955999961, -33.499410446999953 ], [ -70.694237659999942, -33.499777106999936 ], [ -70.694341263999945, -33.499978502999966 ], [ -70.694481764999978, -33.500250038999972 ], [ -70.69453301599998, -33.500355260999974 ], [ -70.694959811999979, -33.501174395999946 ], [ -70.695336683999983, -33.50191583099997 ], [ -70.695378421999976, -33.501996862999924 ] ] ] ] } },
{ "type": "Feature", "properties": { "CUT_REG": "13", "CUT_PROV": "131", "CUT_COM": "13108", "REGION": "Metropolitana de Santiago", "PROVINCIA": "Santiago", "COMUNA": "Independencia", "SUPERFICIE": 7.35 }, "geometry": { "type": "MultiPolygon", "coordinates": [ [ [ [ -70.681872857999977, -33.403030893999976 ], [ -70.680801271999954, -33.402724818999964 ], [ -70.679939945999934, -33.402481708999964 ], [ -70.679036831999952, -33.402194583999965 ], [ -70.678157986999963, -33.401877633999959 ], [ -70.676928565999958, -33.40142511199997 ], [ -70.675596264999967, -33.40094341799994 ], [ -70.674744385999986, -33.400638042999958 ], [ -70.673549200999958, -33.400204710999958 ], [ -70.672611127999971, -33.399854454999968 ], [ -70.672184515999959, -33.39970752399995 ], [ -70.672103729999947, -33.399869622999972 ], [ -70.670300102999988, -33.399755394999936 ], [ -70.667636586999947, -33.399578140999942 ], [ -70.668154916999981, -33.399115959999961 ], [ -70.66804093199994, -33.399075523999954 ], [ -70.666778165999972, -33.398953204999934 ], [ -70.666485528999942, -33.398952906999952 ], [ -70.661055445999978, -33.399366088999948 ], [ -70.659822777999977, -33.399466853999968 ], [ -70.658199977999971, -33.399677915999973 ], [ -70.658262199999982, -33.399908264999965 ], [ -70.658270743999935, -33.399977398 ], [ -70.658271291999938, -33.400072489999957 ], [ -70.658268473999954, -33.400135423999977 ], [ -70.658247267999968, -33.400315223999939 ], [ -70.658206749999977, -33.400559912999952 ], [ -70.658002185999976, -33.401446627999967 ], [ -70.657890952999935, -33.401922125999917 ], [ -70.657680712999934, -33.402880601999982 ], [ -70.657452615999944, -33.404059325999981 ], [ -70.65730530899998, -33.404817799999933 ], [ -70.657210431999943, -33.405276023999932 ], [ -70.655417500999988, -33.405802669999964 ], [ -70.654833397999937, -33.405972716999941 ], [ -70.65396586199995, -33.406207 ], [ -70.653053839999984, -33.40640055199998 ], [ -70.653253482999958, -33.407205905999945 ], [ -70.653152560999956, -33.407232060999952 ], [ -70.653170984, -33.408319412999951 ], [ -70.653156333999959, -33.409408127999932 ], [ -70.653245871999957, -33.409605083999949 ], [ -70.653479189999985, -33.409596581999942 ], [ -70.653486128999987, -33.410497739999983 ], [ -70.653493995999952, -33.411276555999947 ], [ -70.652689470999974, -33.411274698999932 ], [ -70.652687395999976, -33.412217395999953 ], [ -70.652687878999984, -33.412961145999923 ], [ -70.652682537999965, -33.413810640999948 ], [ -70.652671106999946, -33.415278335999972 ], [ -70.652646726999933, -33.417437636999978 ], [ -70.651563867999982, -33.417464318999961 ], [ -70.650519375999977, -33.41764609899996 ], [ -70.650526214999957, -33.417693012999962 ], [ -70.650112837999984, -33.417763941999965 ], [ -70.650171383999975, -33.418097630999959 ], [ -70.650350635999985, -33.419037368999959 ], [ -70.650501117999966, -33.419826409999985 ], [ -70.650631416999943, -33.42050848599996 ], [ -70.650779145999934, -33.421306672999947 ], [ -70.651044295999952, -33.423306719999971 ], [ -70.651175839999951, -33.424817439999977 ], [ -70.651252313999976, -33.425752126999939 ], [ -70.65128033799995, -33.42609463999996 ], [ -70.651288664999981, -33.42619641899995 ], [ -70.651361186999964, -33.426988967999932 ], [ -70.651497381999945, -33.428578983999955 ], [ -70.651660023, -33.430432535999948 ], [ -70.651701209999942, -33.43119562399994 ], [ -70.651607317999947, -33.431931206999927 ], [ -70.653549452999982, -33.431506982999963 ], [ -70.655507016999934, -33.431047550999949 ], [ -70.656527320999942, -33.430801109999948 ], [ -70.657042370999989, -33.430532731999961 ], [ -70.658012283999938, -33.430156562999969 ], [ -70.658563584999968, -33.429979880999944 ], [ -70.658987678999949, -33.429877210999969 ], [ -70.660140877999936, -33.429654003999921 ], [ -70.661048938999954, -33.429350446999933 ], [ -70.661429109999972, -33.429185490999934 ], [ -70.661828626999977, -33.429041409999961 ], [ -70.662584832999983, -33.428864678999958 ], [ -70.663109706999933, -33.428809252999933 ], [ -70.663802671999974, -33.428724569999922 ], [ -70.664237218999972, -33.428599654999957 ], [ -70.664807134999933, -33.428387322999974 ], [ -70.665483391999942, -33.428086153999963 ], [ -70.666492581999933, -33.427677808999931 ], [ -70.667797286999985, -33.427210638999938 ], [ -70.668844586999967, -33.426849731999937 ], [ -70.669781742999987, -33.426497251999933 ], [ -70.670471680999981, -33.426238786999932 ], [ -70.67053623399994, -33.426214603999938 ], [ -70.670695201999933, -33.426155050999959 ], [ -70.671146310999973, -33.426038440999946 ], [ -70.671279141999946, -33.426004104999954 ], [ -70.671141185999943, -33.425587791999931 ], [ -70.671360343999936, -33.425468734999974 ], [ -70.671651285999985, -33.425283690999947 ], [ -70.671939957999939, -33.425030519999943 ], [ -70.672293233999937, -33.424605639999974 ], [ -70.672548624999934, -33.424284191999952 ], [ -70.672835870999961, -33.423914039999943 ], [ -70.673364693999986, -33.423242124999938 ], [ -70.674128782999958, -33.422263428999926 ], [ -70.674652279999989, -33.421718380999948 ], [ -70.675107482999977, -33.421374592999939 ], [ -70.675555255999939, -33.421106211999984 ], [ -70.676692299999957, -33.420422279999976 ], [ -70.677130058999978, -33.420098088999964 ], [ -70.677403186999982, -33.419835178999953 ], [ -70.677664420999974, -33.41958610599994 ], [ -70.678028921999967, -33.419124475999972 ], [ -70.678238901999975, -33.418798006999971 ], [ -70.678427949999957, -33.41843299199995 ], [ -70.678655047999939, -33.417863978999947 ], [ -70.678759089999971, -33.417424195999956 ], [ -70.678919442999984, -33.416282714999959 ], [ -70.679172913999935, -33.414388329999952 ], [ -70.679476131999934, -33.412103476999967 ], [ -70.679724960999977, -33.410307770999957 ], [ -70.679879060999951, -33.409212976999989 ], [ -70.680262654999979, -33.406452414999926 ], [ -70.680336370999953, -33.405981181999941 ], [ -70.680483132999939, -33.405511935999982 ], [ -70.680717042999959, -33.405004130999941 ], [ -70.681493035999949, -33.403683522999984 ], [ -70.681872857999977, -33.403030893999976 ] ] ] ] } },
{ "type": "Feature", "properties": { "CUT_REG": "13", "CUT_PROV": "131", "CUT_COM": "13117", "REGION": "Metropolitana de Santiago", "PROVINCIA": "Santiago", "COMUNA": "Lo Prado", "SUPERFICIE": 6.54 }, "geometry": { "type": "MultiPolygon", "coordinates": [ [ [ [ -70.721533074999968, -33.436598295999936 ], [ -70.720486679999965, -33.436741273999914 ], [ -70.719905443999949, -33.436820692999959 ], [ -70.718533653999941, -33.437014230999971 ], [ -70.717667426999981, -33.437145107999982 ], [ -70.717038504999948, -33.437224636999915 ], [ -70.715504091999946, -33.437433039999966 ], [ -70.714811980999968, -33.437521019999956 ], [ -70.713383261999979, -33.437735521999969 ], [ -70.712522801999967, -33.437853636999932 ], [ -70.710678866999956, -33.438124426999941 ], [ -70.710203145999969, -33.438171457999943 ], [ -70.707069549999972, -33.438057830999981 ], [ -70.707087810999951, -33.438537611999941 ], [ -70.707173037999951, -33.439575804999947 ], [ -70.707249821999937, -33.44079306899993 ], [ -70.707325434999973, -33.441340343999968 ], [ -70.707349055999941, -33.442091583999968 ], [ -70.707343431999959, -33.44347895799995 ], [ -70.707334292999974, -33.444494112999955 ], [ -70.707333897999945, -33.444608777999967 ], [ -70.707330973999944, -33.445457647999952 ], [ -70.707324622999977, -33.446179278999978 ], [ -70.707268553999938, -33.447326788999931 ], [ -70.707231627999988, -33.447795441999972 ], [ -70.707153088999974, -33.448406398999957 ], [ -70.707102471999974, -33.44878647899997 ], [ -70.706934628999988, -33.449897740999972 ], [ -70.706859040999973, -33.450392749999935 ], [ -70.706673799999976, -33.45122724699997 ], [ -70.706456014999958, -33.451785958999949 ], [ -70.706342039999981, -33.452102757999967 ], [ -70.706264473999966, -33.452497049999963 ], [ -70.705923525999935, -33.454487364999977 ], [ -70.705672619999973, -33.456113924999954 ], [ -70.705572479999944, -33.457150523999921 ], [ -70.706300729999953, -33.45731598899993 ], [ -70.706861166999943, -33.457425264999976 ], [ -70.707395047999967, -33.457564151999975 ], [ -70.708684447999985, -33.457874611999948 ], [ -70.709229705999974, -33.458000335999934 ], [ -70.71009, -33.458230000999933 ], [ -70.71019999899994, -33.458260000999935 ], [ -70.711560196999983, -33.458413396999958 ], [ -70.713025597999945, -33.458406150999963 ], [ -70.713791007999987, -33.458291576999954 ], [ -70.714428123999937, -33.458159274999964 ], [ -70.717452287999947, -33.457571443999946 ], [ -70.718696062999982, -33.457336469 ], [ -70.721283916999937, -33.456842338999927 ], [ -70.725605720999965, -33.456005549999922 ], [ -70.728139355999986, -33.455518531999921 ], [ -70.729487329999984, -33.455262497999968 ], [ -70.731268609999972, -33.454925088999971 ], [ -70.73149540199995, -33.454882128999934 ], [ -70.733187219999934, -33.454547864999938 ], [ -70.73631779699997, -33.453935951999931 ], [ -70.738918185999978, -33.453427671999975 ], [ -70.73896887899997, -33.453248222999946 ], [ -70.739044155999977, -33.452746702999946 ], [ -70.739071707999983, -33.452379092999927 ], [ -70.739133977999984, -33.451614522999925 ], [ -70.739230364999969, -33.450228768999978 ], [ -70.739330966999944, -33.449054190999952 ], [ -70.739392195999983, -33.448237639999945 ], [ -70.739480811999954, -33.447433702999945 ], [ -70.739524105999976, -33.446883883999931 ], [ -70.739554443999964, -33.44665597399996 ], [ -70.739576074999945, -33.446574426999973 ], [ -70.739624833999983, -33.446492497999941 ], [ -70.739793083999984, -33.446376394999966 ], [ -70.74026353499994, -33.446057813999964 ], [ -70.740470406999975, -33.445934667999957 ], [ -70.740561469999989, -33.445835895999942 ], [ -70.740617459999953, -33.445727867999942 ], [ -70.740622919999964, -33.445419062999974 ], [ -70.740593851999961, -33.444740268999965 ], [ -70.740574315999936, -33.443762361999973 ], [ -70.740513228999987, -33.441868601999936 ], [ -70.740648193999959, -33.440280817999955 ], [ -70.740683032999982, -33.439890355999957 ], [ -70.74069321199994, -33.439623731999966 ], [ -70.74071293999998, -33.439252980999989 ], [ -70.740738276999934, -33.43877490899996 ], [ -70.740813064999941, -33.437701045999965 ], [ -70.740862055999969, -33.436789147999946 ], [ -70.740876774999947, -33.436515169999943 ], [ -70.740883356999973, -33.436392656999935 ], [ -70.740457817999982, -33.436382399999964 ], [ -70.739929393999944, -33.436384643999915 ], [ -70.73973624599995, -33.436382397999971 ], [ -70.739526265999984, -33.436379956999922 ], [ -70.738699933999953, -33.436394994999937 ], [ -70.73757719799994, -33.436395218999962 ], [ -70.736472929999934, -33.436393448999965 ], [ -70.735862309999959, -33.436398551999964 ], [ -70.735079008999946, -33.43640606799994 ], [ -70.734597967999946, -33.436412798999989 ], [ -70.734161810999979, -33.436401659999937 ], [ -70.733795444999942, -33.436384370999967 ], [ -70.733013273999973, -33.436345308999925 ], [ -70.73271090999998, -33.436340914999967 ], [ -70.732408237999948, -33.436321007999936 ], [ -70.731704630999957, -33.436303252999942 ], [ -70.730957681999939, -33.436277477999973 ], [ -70.730324071999974, -33.43626390999998 ], [ -70.729759121999962, -33.436290757999984 ], [ -70.729110570999978, -33.436353248999978 ], [ -70.728995619999978, -33.436363471999975 ], [ -70.728831571999933, -33.436386447999944 ], [ -70.728707026999984, -33.436431285999952 ], [ -70.728574634999973, -33.43649519699995 ], [ -70.72837279099997, -33.436582488999932 ], [ -70.728097487999946, -33.436698387999961 ], [ -70.727883581999947, -33.43679963999994 ], [ -70.727773699999943, -33.436858063999978 ], [ -70.727482562999967, -33.437005215999932 ], [ -70.727309190999961, -33.437076592999972 ], [ -70.727033508999966, -33.437173530999921 ], [ -70.72675131699998, -33.437253318999979 ], [ -70.726536008999972, -33.437283901999933 ], [ -70.725978411999961, -33.43737097099995 ], [ -70.725234422999975, -33.437495111999965 ], [ -70.72468983999994, -33.437616475999967 ], [ -70.724317292999956, -33.437702686999948 ], [ -70.72424622799997, -33.437748499999934 ], [ -70.724174060999985, -33.437842601999932 ], [ -70.724130402999947, -33.437922514999961 ], [ -70.724071183999968, -33.438047468999962 ], [ -70.723971429999949, -33.43820229499994 ], [ -70.723854638999981, -33.438431491999943 ], [ -70.723740185999986, -33.438571005999961 ], [ -70.723530825999944, -33.438694598999973 ], [ -70.723278814999958, -33.438741202999942 ], [ -70.72301214099997, -33.438774217999928 ], [ -70.722775996999985, -33.438791291999969 ], [ -70.72245933499994, -33.438792243999956 ], [ -70.722336652999957, -33.438770043999952 ], [ -70.722109922999948, -33.43817644399995 ], [ -70.721880703999943, -33.437607247999949 ], [ -70.721768218999955, -33.43732606799994 ], [ -70.721627444999967, -33.436965974999971 ], [ -70.721533074999968, -33.436598295999936 ] ] ] ] } },
{ "type": "Feature", "properties": { "CUT_REG": "13", "CUT_PROV": "131", "CUT_COM": "13127", "REGION": "Metropolitana de Santiago", "PROVINCIA": "Santiago", "COMUNA": "Recoleta", "SUPERFICIE": 15.61 }, "geometry": { "type": "MultiPolygon", "coordinates": [ [ [ [ -70.635376432999976, -33.435695335999988 ], [ -70.635401, -33.435690783999966 ], [ -70.635715853999955, -33.435632447999978 ], [ -70.636708706999968, -33.435407497999947 ], [ -70.638783940999986, -33.434934363999965 ], [ -70.640354313999978, -33.434560339999962 ], [ -70.642365095999935, -33.434084359999936 ], [ -70.643294047999973, -33.433886508999926 ], [ -70.64495739299997, -33.43349268399993 ], [ -70.64653863999996, -33.433112114999972 ], [ -70.64834325399994, -33.432663715999979 ], [ -70.649352774999954, -33.432436391999929 ], [ -70.64941091299994, -33.432424540999932 ], [ -70.650299475999986, -33.43224340699993 ], [ -70.651526348999937, -33.431950534999942 ], [ -70.651607317999947, -33.431931206999927 ], [ -70.651701209999942, -33.43119562399994 ], [ -70.651660023, -33.430432535999948 ], [ -70.651497381999945, -33.428578983999955 ], [ -70.651361186999964, -33.426988967999932 ], [ -70.651288664999981, -33.42619641899995 ], [ -70.65128033799995, -33.42609463999996 ], [ -70.651252313999976, -33.425752126999939 ], [ -70.651175839999951, -33.424817439999977 ], [ -70.651044295999952, -33.423306719999971 ], [ -70.650779145999934, -33.421306672999947 ], [ -70.650631416999943, -33.42050848599996 ], [ -70.650501117999966, -33.419826409999985 ], [ -70.650350635999985, -33.419037368999959 ], [ -70.650171383999975, -33.418097630999959 ], [ -70.650112837999984, -33.417763941999965 ], [ -70.650526214999957, -33.417693012999962 ], [ -70.650519375999977, -33.41764609899996 ], [ -70.651563867999982, -33.417464318999961 ], [ -70.652646726999933, -33.417437636999978 ], [ -70.652671106999946, -33.415278335999972 ], [ -70.652682537999965, -33.413810640999948 ], [ -70.652687878999984, -33.412961145999923 ], [ -70.652687395999976, -33.412217395999953 ], [ -70.652689470999974, -33.411274698999932 ], [ -70.653493995999952, -33.411276555999947 ], [ -70.653486128999987, -33.410497739999983 ], [ -70.653479189999985, -33.409596581999942 ], [ -70.653245871999957, -33.409605083999949 ], [ -70.653156333999959, -33.409408127999932 ], [ -70.653170984, -33.408319412999951 ], [ -70.653152560999956, -33.407232060999952 ], [ -70.653253482999958, -33.407205905999945 ], [ -70.653053839999984, -33.40640055199998 ], [ -70.65396586199995, -33.406207 ], [ -70.654833397999937, -33.405972716999941 ], [ -70.655417500999988, -33.405802669999964 ], [ -70.657210431999943, -33.405276023999932 ], [ -70.65730530899998, -33.404817799999933 ], [ -70.657452615999944, -33.404059325999981 ], [ -70.657680712999934, -33.402880601999982 ], [ -70.657890952999935, -33.401922125999917 ], [ -70.658002185999976, -33.401446627999967 ], [ -70.658206749999977, -33.400559912999952 ], [ -70.658247267999968, -33.400315223999939 ], [ -70.658268473999954, -33.400135423999977 ], [ -70.658271291999938, -33.400072489999957 ], [ -70.658270743999935, -33.399977398 ], [ -70.658262199999982, -33.399908264999965 ], [ -70.658199977999971, -33.399677915999973 ], [ -70.65788443699995, -33.398509744999956 ], [ -70.657795857999986, -33.397928706999949 ], [ -70.65775935399995, -33.397433235999983 ], [ -70.65775, -33.396480000999937 ], [ -70.65767, -33.39561 ], [ -70.657618039999988, -33.395076159999974 ], [ -70.65754422599997, -33.394563271999964 ], [ -70.657486076999987, -33.394224077999979 ], [ -70.657414955999968, -33.393926766999975 ], [ -70.657266576999973, -33.393315377999947 ], [ -70.657233110999982, -33.393185624999937 ], [ -70.657204453999952, -33.392945169999962 ], [ -70.657220177999989, -33.391945466999978 ], [ -70.657303917999968, -33.391166984999977 ], [ -70.657354918999943, -33.390440151999933 ], [ -70.657415690999983, -33.389548303999959 ], [ -70.657424597999977, -33.388642298999976 ], [ -70.657238353999958, -33.38729249599993 ], [ -70.65717574599995, -33.386779497999946 ], [ -70.657148828999937, -33.386365223999967 ], [ -70.657156579999949, -33.386249763999949 ], [ -70.657212447999939, -33.385224857999944 ], [ -70.657252641999946, -33.384945018999929 ], [ -70.657336820999944, -33.384344208999948 ], [ -70.657529067999974, -33.383107726999981 ], [ -70.657603488999939, -33.381566872999947 ], [ -70.65764870199996, -33.380640031999974 ], [ -70.657733137999969, -33.378904183999971 ], [ -70.65773543499995, -33.378439121999968 ], [ -70.657694596999988, -33.378204875999984 ], [ -70.657594339999946, -33.37794049699994 ], [ -70.657258844999944, -33.377280229999947 ], [ -70.657130872999986, -33.377062248999955 ], [ -70.656760334999944, -33.376408943999934 ], [ -70.655623510999988, -33.376839060999949 ], [ -70.652938191999965, -33.377819003999946 ], [ -70.652091465999945, -33.378127569999947 ], [ -70.650996022999948, -33.378535946999932 ], [ -70.648697263999964, -33.379394178999974 ], [ -70.646264376999966, -33.380308434999954 ], [ -70.645633693999969, -33.38054873599998 ], [ -70.644334066999988, -33.381073614999934 ], [ -70.64302, -33.381750000999936 ], [ -70.641317551999975, -33.382734669999934 ], [ -70.64028628899996, -33.383414141999928 ], [ -70.639926070999934, -33.383656180999928 ], [ -70.638711848999947, -33.384524600999953 ], [ -70.636902263999957, -33.385855819999954 ], [ -70.635080845999951, -33.387206768999931 ], [ -70.633352811999941, -33.388470130999956 ], [ -70.632058443999938, -33.389430607999934 ], [ -70.631146332999947, -33.390103437999976 ], [ -70.630127757999958, -33.390887476999978 ], [ -70.628899145999981, -33.391771835999968 ], [ -70.628349197999967, -33.39216958399993 ], [ -70.627645883999946, -33.392659068999933 ], [ -70.627383793999968, -33.392818968999961 ], [ -70.626714583999956, -33.393227251999974 ], [ -70.625876850999987, -33.393657348999952 ], [ -70.624832051999988, -33.394147065999945 ], [ -70.623550016999957, -33.39472935799995 ], [ -70.623718989999986, -33.394980251999982 ], [ -70.623016210999936, -33.395853043999978 ], [ -70.622947955999962, -33.395853936999977 ], [ -70.622733245999939, -33.396239716999958 ], [ -70.622940871999958, -33.396390904999976 ], [ -70.622573515999989, -33.396828789999979 ], [ -70.620001481999978, -33.397571077999942 ], [ -70.619915618999983, -33.397481610999932 ], [ -70.619801327999937, -33.397362520999927 ], [ -70.619671936999964, -33.397518113999986 ], [ -70.619426233999945, -33.397614379999936 ], [ -70.619211786999983, -33.397785400999958 ], [ -70.619034286999977, -33.397905284999972 ], [ -70.618733222999936, -33.39821040899993 ], [ -70.617560014999981, -33.398683846 ], [ -70.617446333999965, -33.398996715999935 ], [ -70.617183559999944, -33.399093199999975 ], [ -70.616865235999967, -33.399415895999937 ], [ -70.616725130999953, -33.399579901999985 ], [ -70.616067501999964, -33.400349716999983 ], [ -70.615456431999974, -33.400994768999965 ], [ -70.614235057999963, -33.402102508999974 ], [ -70.613454532999981, -33.402810408999976 ], [ -70.611873636999974, -33.40431989699993 ], [ -70.610917470999937, -33.405194408999925 ], [ -70.610348912999939, -33.40571441099997 ], [ -70.610403771999984, -33.405878985999948 ], [ -70.610619860999975, -33.406243636999918 ], [ -70.61099801599994, -33.406594780999974 ], [ -70.611322149999978, -33.406851385999971 ], [ -70.611629400999959, -33.407043839999965 ], [ -70.612000803999933, -33.407145131999975 ], [ -70.612362078999979, -33.407715741999944 ], [ -70.612834772999975, -33.408188436999978 ], [ -70.61397, -33.408940000999962 ], [ -70.614522120999936, -33.409400892999933 ], [ -70.614859449999983, -33.40970271499998 ], [ -70.615512513999988, -33.410154120999962 ], [ -70.616446857999961, -33.410786203999962 ], [ -70.617236231999982, -33.411164443999951 ], [ -70.617877596999961, -33.41146045899994 ], [ -70.618549427999938, -33.411778816999977 ], [ -70.619258998999953, -33.411953817999965 ], [ -70.620076069999982, -33.412202044999965 ], [ -70.620601608999948, -33.412499530999966 ], [ -70.621044137999945, -33.41283142899993 ], [ -70.621357707999948, -33.413234588999956 ], [ -70.621508794999954, -33.413428844999949 ], [ -70.622061956999971, -33.414446662999978 ], [ -70.622902764999935, -33.415420229999938 ], [ -70.62367719199996, -33.416415921999935 ], [ -70.624600000999976, -33.417700000999957 ], [ -70.625699998999949, -33.418530000999965 ], [ -70.62706254699998, -33.419137480999943 ], [ -70.628434390999985, -33.419624263999921 ], [ -70.628943298999957, -33.419779149999961 ], [ -70.62940795599998, -33.419978287999982 ], [ -70.629850485999953, -33.420155299999976 ], [ -70.630356737999989, -33.420414883999968 ], [ -70.630748834999963, -33.42071192699995 ], [ -70.631164695999985, -33.420997088999975 ], [ -70.631925126999988, -33.421579292999972 ], [ -70.632424158999982, -33.422113971999977 ], [ -70.632626147999986, -33.422387250999961 ], [ -70.632733084999984, -33.42275558499994 ], [ -70.632840019999946, -33.42344472599995 ], [ -70.632923192999954, -33.424419027999932 ], [ -70.633065772999942, -33.424941823999959 ], [ -70.633232116999977, -33.425333920999947 ], [ -70.633437676999961, -33.426671886999934 ], [ -70.634287006999955, -33.427871718999938 ], [ -70.636234701999967, -33.430623187999977 ], [ -70.636036918999935, -33.431786651999971 ], [ -70.635861241999976, -33.432785430999957 ], [ -70.635642805999964, -33.434144248999907 ], [ -70.635376432999976, -33.435695335999988 ] ] ] ] } },
{ "type": "Feature", "properties": { "CUT_REG": "13", "CUT_PROV": "131", "CUT_COM": "13128", "REGION": "Metropolitana de Santiago", "PROVINCIA": "Santiago", "COMUNA": "Renca", "SUPERFICIE": 23.68 }, "geometry": { "type": "MultiPolygon", "coordinates": [ [ [ [ -70.722407694999958, -33.411677984999983 ], [ -70.723523745999955, -33.412124055999982 ], [ -70.724195109999982, -33.412454540999931 ], [ -70.725508692999938, -33.413033425999977 ], [ -70.726337256999955, -33.413355113999962 ], [ -70.726815421999959, -33.413463928999931 ], [ -70.727169969999977, -33.413488684999948 ], [ -70.727845970999965, -33.413456174999965 ], [ -70.728403490999938, -33.413343404999971 ], [ -70.728985015999967, -33.413166468999975 ], [ -70.729762686999948, -33.412904887999957 ], [ -70.730431738999982, -33.41272069799993 ], [ -70.731203434999955, -33.412554867999958 ], [ -70.732019370999978, -33.412437901999965 ], [ -70.733009068999934, -33.412354794999935 ], [ -70.734292940999978, -33.412227975999947 ], [ -70.735282699999971, -33.412148148999961 ], [ -70.736058120999985, -33.412170289999942 ], [ -70.737219943999946, -33.412236500999938 ], [ -70.737987893999957, -33.412278529999966 ], [ -70.739196715999981, -33.412334166999976 ], [ -70.740248158999975, -33.412388700999941 ], [ -70.741011322999952, -33.412387887999955 ], [ -70.741904335999948, -33.412388546999978 ], [ -70.742402880999975, -33.412335354999975 ], [ -70.742866227999968, -33.412292553999976 ], [ -70.743518479999977, -33.412253694999954 ], [ -70.743991207999954, -33.412286637999955 ], [ -70.744543647999933, -33.412371245999957 ], [ -70.745395905999942, -33.412497820999931 ], [ -70.745913348999977, -33.412602709999923 ], [ -70.746436478999954, -33.412598643999956 ], [ -70.746895693999988, -33.412545988999959 ], [ -70.747589620999975, -33.412427339999958 ], [ -70.748602630999983, -33.412330582999964 ], [ -70.749364336999975, -33.412257157999925 ], [ -70.749999946999935, -33.412209926999928 ], [ -70.750272018999965, -33.412205835999941 ], [ -70.750689620999935, -33.412235158999977 ], [ -70.750936488999969, -33.41226576199994 ], [ -70.751246395999942, -33.412339470999939 ], [ -70.751954099999978, -33.41231957899997 ], [ -70.75254401799998, -33.412311243999973 ], [ -70.752994466999951, -33.412325364999958 ], [ -70.753360093999959, -33.412398684999971 ], [ -70.753929333999963, -33.412535799999944 ], [ -70.754446253999959, -33.412614266999981 ], [ -70.754801334, -33.412665329999982 ], [ -70.755204470999956, -33.412758600999943 ], [ -70.755453298999953, -33.412807865999959 ], [ -70.756176934999985, -33.412797620999974 ], [ -70.756746128999964, -33.412736773999931 ], [ -70.757688205999955, -33.412634348999973 ], [ -70.75870940199998, -33.412553889999963 ], [ -70.759326316999989, -33.412518746999972 ], [ -70.759967160999963, -33.412499756999964 ], [ -70.760443426999984, -33.412512792999955 ], [ -70.760810373999959, -33.412566968999947 ], [ -70.761082467999984, -33.412599396999944 ], [ -70.761497874999975, -33.412715566999957 ], [ -70.762091390999956, -33.412885289999963 ], [ -70.762845886999969, -33.413039526999974 ], [ -70.763624248999989, -33.413206615999975 ], [ -70.764279819999956, -33.413338316999955 ], [ -70.764710181999988, -33.413428256999971 ], [ -70.765236107999954, -33.413543292999975 ], [ -70.76585629799996, -33.413669729999974 ], [ -70.766516618999958, -33.413835181999957 ], [ -70.767567562999943, -33.414057747999955 ], [ -70.768776962999937, -33.414334130999976 ], [ -70.769420022999952, -33.414423932999959 ], [ -70.770078548999948, -33.414500313999952 ], [ -70.770819598999935, -33.414572213999982 ], [ -70.771229284999947, -33.414599355999933 ], [ -70.771700150999948, -33.414585526999936 ], [ -70.771842340999967, -33.414567504999972 ], [ -70.772105305999958, -33.414537353999947 ], [ -70.772356203999948, -33.414494178999981 ], [ -70.772575839999959, -33.414461347999968 ], [ -70.772728080999968, -33.414403086999982 ], [ -70.772907382999961, -33.414321343999973 ], [ -70.773302989999934, -33.414236507999917 ], [ -70.773592342999962, -33.414149891999948 ], [ -70.774071652999964, -33.413925292999977 ], [ -70.774536571999988, -33.413766880999958 ], [ -70.774995032999982, -33.413677841999963 ], [ -70.775398768999935, -33.413606079999965 ], [ -70.77585023499995, -33.41356002699996 ], [ -70.776235379999946, -33.413541314999982 ], [ -70.776605599999982, -33.413562404999936 ], [ -70.77705343599996, -33.413634713999961 ], [ -70.77737877999995, -33.413666797999952 ], [ -70.77777360499995, -33.413737018999946 ], [ -70.777994917999933, -33.413786632999972 ], [ -70.778263792999951, -33.413844353999941 ], [ -70.778551325999956, -33.413871030999921 ], [ -70.778956672999982, -33.413878414999935 ], [ -70.779492341999969, -33.41391031999995 ], [ -70.780121522999934, -33.413897991999924 ], [ -70.780768549999948, -33.413796326999943 ], [ -70.780941348999988, -33.413783225999971 ], [ -70.781251677999933, -33.413759696999932 ], [ -70.781861798999955, -33.413777325999945 ], [ -70.782271391999984, -33.413784520999961 ], [ -70.782296007999946, -33.413237430999985 ], [ -70.782339406999952, -33.412826933999952 ], [ -70.782345566999936, -33.412766148999928 ], [ -70.782363648999933, -33.412587718999916 ], [ -70.782380401999944, -33.412457187999955 ], [ -70.782425003999947, -33.411788805999954 ], [ -70.782450338999979, -33.411286278999974 ], [ -70.782464655999945, -33.41056132999995 ], [ -70.782473443999947, -33.40988260499995 ], [ -70.782495320999942, -33.409369269999956 ], [ -70.782528045999982, -33.407327573999964 ], [ -70.782536093999965, -33.406771007999964 ], [ -70.782523191999985, -33.406456322999929 ], [ -70.782492928999943, -33.406242320999972 ], [ -70.782391561999987, -33.405874619999963 ], [ -70.782281431999934, -33.405553188999924 ], [ -70.782139890999986, -33.405278353999968 ], [ -70.78189, -33.404880000999981 ], [ -70.78148, -33.404420000999941 ], [ -70.779432922999945, -33.402683716999945 ], [ -70.776660629999981, -33.400346171999956 ], [ -70.77602, -33.399860000999972 ], [ -70.775254893999943, -33.39917195999994 ], [ -70.772972987999935, -33.397239364999947 ], [ -70.771442270999955, -33.39596103199996 ], [ -70.769479940999986, -33.394300674999947 ], [ -70.768419954999956, -33.393411890999971 ], [ -70.765687426999989, -33.391102844999978 ], [ -70.764364010999941, -33.389984333999948 ], [ -70.763336860999971, -33.389114036999956 ], [ -70.762323218999938, -33.388270683999956 ], [ -70.760205088999953, -33.386480037999938 ], [ -70.758425626999951, -33.38497819599997 ], [ -70.758042513999953, -33.384667472999979 ], [ -70.757666631999939, -33.384362611999947 ], [ -70.756911380999952, -33.383715594999956 ], [ -70.756869998999946, -33.383726908999947 ], [ -70.756812682999964, -33.383747089999929 ], [ -70.756524633999959, -33.383870614999971 ], [ -70.756312486999946, -33.383941412999945 ], [ -70.755932918999974, -33.384106584999977 ], [ -70.755488500999945, -33.384300114999974 ], [ -70.754916274, -33.384548717999955 ], [ -70.753569254999945, -33.38501972399996 ], [ -70.753409167999962, -33.385096237999953 ], [ -70.752985844999955, -33.385190996999938 ], [ -70.752157318999934, -33.385420609999983 ], [ -70.751698046999934, -33.385641776999925 ], [ -70.751572113999941, -33.385790441999973 ], [ -70.751446043999977, -33.385977386999961 ], [ -70.751449348999984, -33.38611382299996 ], [ -70.751537828999972, -33.386412739999969 ], [ -70.751700519999986, -33.387036543999962 ], [ -70.751603535999948, -33.387419681999958 ], [ -70.75139898499998, -33.387771887999975 ], [ -70.751350699999989, -33.387860375999921 ], [ -70.751137638999978, -33.388128712999958 ], [ -70.751084119999973, -33.388410067999978 ], [ -70.751148912999952, -33.388804283999946 ], [ -70.751297224999973, -33.389164870999934 ], [ -70.751392581999937, -33.389381132999972 ], [ -70.75128276099997, -33.389464762999978 ], [ -70.75106130599994, -33.389626799999967 ], [ -70.750001938999958, -33.389569806999923 ], [ -70.749702513999978, -33.389553697999922 ], [ -70.749574997999957, -33.389961752999973 ], [ -70.749319961999959, -33.390140276999951 ], [ -70.748870628999953, -33.390201788999939 ], [ -70.748302576999947, -33.390281306999945 ], [ -70.746067431999975, -33.389580733999928 ], [ -70.743845993999969, -33.389313248999933 ], [ -70.742541517999939, -33.389324056999953 ], [ -70.741638952999949, -33.389307341999931 ], [ -70.74055, -33.389420000999948 ], [ -70.739396675999956, -33.389561817999954 ], [ -70.738841913999977, -33.389984768999952 ], [ -70.738038914999947, -33.390797736999964 ], [ -70.737391736999939, -33.39172304799996 ], [ -70.737047675999989, -33.392443683999936 ], [ -70.736772142999939, -33.393177675999937 ], [ -70.736164734999988, -33.393529769999923 ], [ -70.735074741999938, -33.393645232999972 ], [ -70.733821517999957, -33.393276211999925 ], [ -70.732018339999968, -33.39271442699993 ], [ -70.731228088999956, -33.392453444999951 ], [ -70.730268923999972, -33.392280712999934 ], [ -70.729753560999939, -33.39211270699996 ], [ -70.728003979999983, -33.391668043 ], [ -70.726856014999953, -33.391440646999961 ], [ -70.726003200999969, -33.391466830999939 ], [ -70.725063200999955, -33.391763993999966 ], [ -70.724224488999937, -33.391817410999977 ], [ -70.723413629999982, -33.391796301999925 ], [ -70.722303858999979, -33.391675719999967 ], [ -70.720648558999983, -33.391684371999922 ], [ -70.719794254999954, -33.391766777999983 ], [ -70.718976195999971, -33.391693236999963 ], [ -70.718344899999977, -33.391701981999972 ], [ -70.716925088999972, -33.391535524999945 ], [ -70.715115385999979, -33.391503289999946 ], [ -70.712738984999987, -33.391292738999944 ], [ -70.71116, -33.390870000999946 ], [ -70.70777, -33.38687 ], [ -70.707021468999983, -33.386045812999953 ], [ -70.706932635999976, -33.385969043999978 ], [ -70.706912452999973, -33.385951601999984 ], [ -70.70648334599997, -33.385580771999983 ], [ -70.705802030999962, -33.38477410199993 ], [ -70.705175158999964, -33.384137068999962 ], [ -70.705020270999967, -33.384008545999961 ], [ -70.704785624999943, -33.383873362999957 ], [ -70.704542113999935, -33.383731313999931 ], [ -70.704329041999983, -33.383548681999969 ], [ -70.704024653999966, -33.383386340999934 ], [ -70.70369997499995, -33.383274732999944 ], [ -70.70329, -33.38321 ], [ -70.702543906999949, -33.383058590999944 ], [ -70.701119172999938, -33.382754328999951 ], [ -70.700008221999951, -33.382577294999976 ], [ -70.698401476999948, -33.382441815999982 ], [ -70.697563011999989, -33.382324440999987 ], [ -70.69637, -33.382160000999924 ], [ -70.696176009999988, -33.382086414999947 ], [ -70.695837171999983, -33.382998007999952 ], [ -70.695609300999934, -33.383566623999968 ], [ -70.695518977999953, -33.383777080999948 ], [ -70.694150896999986, -33.383381340999961 ], [ -70.694668006999962, -33.38218123799993 ], [ -70.694850966999979, -33.381716434999937 ], [ -70.69429985499994, -33.381530091999927 ], [ -70.693487381999944, -33.381292208999987 ], [ -70.693433738999943, -33.381411182999948 ], [ -70.692499978999933, -33.383472968999961 ], [ -70.691833905999943, -33.384934659999935 ], [ -70.691686394, -33.385262108999932 ], [ -70.690937816999963, -33.386923816999968 ], [ -70.690249129999984, -33.388481808999984 ], [ -70.689280051999958, -33.390649024999945 ], [ -70.688894287999972, -33.391383565999938 ], [ -70.688761261999957, -33.391553481999942 ], [ -70.687937295999973, -33.392934540999931 ], [ -70.687514906999979, -33.393647464999951 ], [ -70.68665, -33.395100000999946 ], [ -70.686335100999941, -33.395604823999975 ], [ -70.68538426899994, -33.397197264999932 ], [ -70.684627125999953, -33.39845018799997 ], [ -70.68385524699994, -33.39972916399995 ], [ -70.683056948999933, -33.401071403999921 ], [ -70.682487782999942, -33.402037179999979 ], [ -70.681872857999977, -33.403030893999976 ], [ -70.681493035999949, -33.403683522999984 ], [ -70.680717042999959, -33.405004130999941 ], [ -70.680483132999939, -33.405511935999982 ], [ -70.680336370999953, -33.405981181999941 ], [ -70.680262654999979, -33.406452414999926 ], [ -70.679879060999951, -33.409212976999989 ], [ -70.679724960999977, -33.410307770999957 ], [ -70.679476131999934, -33.412103476999967 ], [ -70.679172913999935, -33.414388329999952 ], [ -70.678919442999984, -33.416282714999959 ], [ -70.678759089999971, -33.417424195999956 ], [ -70.678655047999939, -33.417863978999947 ], [ -70.678427949999957, -33.41843299199995 ], [ -70.678238901999975, -33.418798006999971 ], [ -70.678028921999967, -33.419124475999972 ], [ -70.677664420999974, -33.41958610599994 ], [ -70.677403186999982, -33.419835178999953 ], [ -70.677130058999978, -33.420098088999964 ], [ -70.676692299999957, -33.420422279999976 ], [ -70.675555255999939, -33.421106211999984 ], [ -70.675107482999977, -33.421374592999939 ], [ -70.674652279999989, -33.421718380999948 ], [ -70.674128782999958, -33.422263428999926 ], [ -70.673364693999986, -33.423242124999938 ], [ -70.672835870999961, -33.423914039999943 ], [ -70.672548624999934, -33.424284191999952 ], [ -70.672293233999937, -33.424605639999974 ], [ -70.671939957999939, -33.425030519999943 ], [ -70.671651285999985, -33.425283690999947 ], [ -70.671360343999936, -33.425468734999974 ], [ -70.671141185999943, -33.425587791999931 ], [ -70.671279141999946, -33.426004104999954 ], [ -70.671362371999976, -33.426287674999962 ], [ -70.671414269999957, -33.426464123999942 ], [ -70.672208208999962, -33.426225189999961 ], [ -70.672970329999941, -33.426004402999972 ], [ -70.673423296999943, -33.425854259999937 ], [ -70.674302913999952, -33.425559863999979 ], [ -70.675037007999947, -33.42525634899993 ], [ -70.67587485599995, -33.424851712999953 ], [ -70.676436897999963, -33.424533894999975 ], [ -70.676802179999981, -33.424290750999951 ], [ -70.677409593999982, -33.42392799799994 ], [ -70.678249549999975, -33.423634110999963 ], [ -70.679200497999943, -33.423272239999967 ], [ -70.679857006999953, -33.423058380999969 ], [ -70.680604802999937, -33.422782345999963 ], [ -70.68149746499995, -33.422482183999932 ], [ -70.682186877999982, -33.422262326999935 ], [ -70.682488225999975, -33.422130826999933 ], [ -70.683037229999968, -33.421824235999956 ], [ -70.683304377999946, -33.421632261999939 ], [ -70.683602621999967, -33.421340150999981 ], [ -70.684020811999972, -33.421101807999946 ], [ -70.684536995999963, -33.420806735999975 ], [ -70.684911624999984, -33.420707471999954 ], [ -70.685298713999941, -33.420569260999969 ], [ -70.685777618999964, -33.420396561999951 ], [ -70.686204544999967, -33.420268885999974 ], [ -70.686579169999959, -33.420169617999925 ], [ -70.686834916999942, -33.420071964999977 ], [ -70.687012268999979, -33.420019695999926 ], [ -70.687223606999979, -33.420016820999933 ], [ -70.687488849999966, -33.420068608999934 ], [ -70.687666522999962, -33.420032952999968 ], [ -70.687955182999985, -33.419929310999976 ], [ -70.688346185999933, -33.419652545999952 ], [ -70.688539810999941, -33.419417243999938 ], [ -70.68884699299997, -33.419246871999974 ], [ -70.689212645999987, -33.419025845999947 ], [ -70.689571478999952, -33.418793831999935 ], [ -70.690074957999968, -33.418526608999962 ], [ -70.690499612999986, -33.418282615999949 ], [ -70.690772907999985, -33.41806838399998 ], [ -70.691057905999969, -33.417776435999947 ], [ -70.691501292999988, -33.417476788999977 ], [ -70.691805776999956, -33.417167954999968 ], [ -70.691985211999963, -33.416882984999965 ], [ -70.692292426999984, -33.416374684999937 ], [ -70.692689622999978, -33.415737744999944 ], [ -70.692918348999967, -33.415374092999961 ], [ -70.69306987799996, -33.415191875999938 ], [ -70.693316229999937, -33.415009036999948 ], [ -70.693610286999956, -33.414844372999944 ], [ -70.693812425999965, -33.414708660999949 ], [ -70.694014349999975, -33.414561871999979 ], [ -70.694281127999943, -33.414353260999974 ], [ -70.694527124999979, -33.414095076999949 ], [ -70.694714438999938, -33.413876470999966 ], [ -70.694968220999954, -33.413679114999987 ], [ -70.69547122299997, -33.413389717999955 ], [ -70.696489885999938, -33.412783046999941 ], [ -70.697291259999986, -33.41221257899997 ], [ -70.69772117399998, -33.411902014999946 ], [ -70.698132783999938, -33.411669253999939 ], [ -70.698608917999934, -33.411358053999962 ], [ -70.698986425999976, -33.411070361999975 ], [ -70.699330697999983, -33.410772043999934 ], [ -70.699616830999958, -33.410540997999924 ], [ -70.70001425099997, -33.410258569999925 ], [ -70.700353531999951, -33.410043412999983 ], [ -70.700829540999962, -33.409726665999983 ], [ -70.70137688799997, -33.409342463999955 ], [ -70.701978353999948, -33.409023991999959 ], [ -70.702593130999958, -33.40871087499994 ], [ -70.703129310999941, -33.408432070999943 ], [ -70.703444326999943, -33.408328031999936 ], [ -70.703824834, -33.408195393999968 ], [ -70.704114731999937, -33.408158173999922 ], [ -70.704556181999976, -33.408102250999939 ], [ -70.704800071999955, -33.408076740999945 ], [ -70.705056303999982, -33.40800674299993 ], [ -70.705325091999953, -33.407903334999958 ], [ -70.705645513999968, -33.407738278999943 ], [ -70.705823045999978, -33.407697059999968 ], [ -70.706239269999969, -33.407702414999967 ], [ -70.706484241999988, -33.40773228299998 ], [ -70.706769050999981, -33.407772680999983 ], [ -70.707158753999977, -33.40777285799993 ], [ -70.707694054999934, -33.407787647999953 ], [ -70.708096855999941, -33.407782101999942 ], [ -70.70856536499997, -33.407759029999973 ], [ -70.709299198999986, -33.407793236999971 ], [ -70.710198548999983, -33.407847315999966 ], [ -70.710774230999959, -33.407900313999946 ], [ -70.711191432999954, -33.40795549499996 ], [ -70.711628662999942, -33.408021476999984 ], [ -70.712038393999933, -33.408032440999925 ], [ -70.712342037999974, -33.408022709999948 ], [ -70.712547065999956, -33.408036498999934 ], [ -70.712876034999965, -33.407971019999927 ], [ -70.713133780999954, -33.407978539999917 ], [ -70.713346391999949, -33.408042079 ], [ -70.713540191999982, -33.408138630999915 ], [ -70.713820773999942, -33.40831804699998 ], [ -70.714175645999944, -33.408562425999961 ], [ -70.714410789999988, -33.408764142999921 ], [ -70.714567455999941, -33.409005720999964 ], [ -70.714823716999945, -33.409273619999965 ], [ -70.71503125299995, -33.409414780999953 ], [ -70.715226344999962, -33.409594890999976 ], [ -70.715447087999962, -33.409735868999974 ], [ -70.715866153999968, -33.409885181999982 ], [ -70.716377341999987, -33.410016599999949 ], [ -70.716860918999942, -33.410087461999979 ], [ -70.71716500399998, -33.410099870999936 ], [ -70.71744162899995, -33.410046853 ], [ -70.71771105199997, -33.409974403999961 ], [ -70.717857976999937, -33.409922738999967 ], [ -70.718028257999947, -33.409901291999965 ], [ -70.718177631999936, -33.409932159999975 ], [ -70.7183, -33.409980000999951 ], [ -70.718537100999981, -33.410008852999965 ], [ -70.718821702999946, -33.410038146999959 ], [ -70.719125024999983, -33.410011784999938 ], [ -70.719442316999974, -33.410024004999975 ], [ -70.719780292999985, -33.410080255999958 ], [ -70.720171750999953, -33.410169000999936 ], [ -70.720423773999983, -33.410220901999935 ], [ -70.720789803999935, -33.410359853999985 ], [ -70.720957620999968, -33.410496015999946 ], [ -70.72127388399997, -33.410790766999966 ], [ -70.721837538999978, -33.41123719199993 ], [ -70.722407694999958, -33.411677984999983 ] ] ] ] } },
{ "type": "Feature", "properties": { "CUT_REG": "13", "CUT_PROV": "131", "CUT_COM": "13126", "REGION": "Metropolitana de Santiago", "PROVINCIA": "Santiago", "COMUNA": "Quinta Normal", "SUPERFICIE": 11.81 }, "geometry": { "type": "MultiPolygon", "coordinates": [ [ [ [ -70.721533074999968, -33.436598295999936 ], [ -70.721291244999975, -33.435503973999978 ], [ -70.721014021999963, -33.434144574999934 ], [ -70.72084850799996, -33.43340075299993 ], [ -70.720685312999933, -33.432621489999974 ], [ -70.720515291999959, -33.431801852999968 ], [ -70.720249985999942, -33.430586450999961 ], [ -70.719992293999951, -33.429603629999974 ], [ -70.719737324999983, -33.42860559599994 ], [ -70.719261049999943, -33.426786103999973 ], [ -70.718943918999969, -33.42554106499994 ], [ -70.71856394799994, -33.42416790599998 ], [ -70.718455592999987, -33.423873488999959 ], [ -70.718281824999963, -33.423167713999931 ], [ -70.718078978999984, -33.422363702999959 ], [ -70.717786454999953, -33.42114108199997 ], [ -70.717464560999986, -33.419805051999958 ], [ -70.71718979799995, -33.418564477999958 ], [ -70.716923314999974, -33.417437603999929 ], [ -70.716767963999985, -33.416746746999934 ], [ -70.71668389599995, -33.416459578999927 ], [ -70.716614227999969, -33.416291084999948 ], [ -70.716496069999948, -33.416110615999969 ], [ -70.716185350999979, -33.41564700999993 ], [ -70.715856097999961, -33.415160894999936 ], [ -70.716385443999968, -33.414933527999949 ], [ -70.716897392999954, -33.414741808999956 ], [ -70.717327185999977, -33.414513285999931 ], [ -70.717669787999967, -33.41429861599994 ], [ -70.718131596999967, -33.414011475999985 ], [ -70.718664568999941, -33.413662645999963 ], [ -70.718908813999974, -33.413507507999945 ], [ -70.719215725999959, -33.413318619999984 ], [ -70.719523184999957, -33.413157545999972 ], [ -70.720016926999961, -33.412961007999975 ], [ -70.72046865599998, -33.412775167999939 ], [ -70.720881585999962, -33.412610097999966 ], [ -70.721390396999936, -33.412413344999948 ], [ -70.721772973999975, -33.412238576999982 ], [ -70.721966702999964, -33.412122071999931 ], [ -70.722185619999962, -33.411906577999957 ], [ -70.722407694999958, -33.411677984999983 ], [ -70.721837538999978, -33.41123719199993 ], [ -70.72127388399997, -33.410790766999966 ], [ -70.720957620999968, -33.410496015999946 ], [ -70.720789803999935, -33.410359853999985 ], [ -70.720423773999983, -33.410220901999935 ], [ -70.720171750999953, -33.410169000999936 ], [ -70.719780292999985, -33.410080255999958 ], [ -70.719442316999974, -33.410024004999975 ], [ -70.719125024999983, -33.410011784999938 ], [ -70.718821702999946, -33.410038146999959 ], [ -70.718537100999981, -33.410008852999965 ], [ -70.7183, -33.409980000999951 ], [ -70.718177631999936, -33.409932159999975 ], [ -70.718028257999947, -33.409901291999965 ], [ -70.717857976999937, -33.409922738999967 ], [ -70.71771105199997, -33.409974403999961 ], [ -70.71744162899995, -33.410046853 ], [ -70.71716500399998, -33.410099870999936 ], [ -70.716860918999942, -33.410087461999979 ], [ -70.716377341999987, -33.410016599999949 ], [ -70.715866153999968, -33.409885181999982 ], [ -70.715447087999962, -33.409735868999974 ], [ -70.715226344999962, -33.409594890999976 ], [ -70.71503125299995, -33.409414780999953 ], [ -70.714823716999945, -33.409273619999965 ], [ -70.714567455999941, -33.409005720999964 ], [ -70.714410789999988, -33.408764142999921 ], [ -70.714175645999944, -33.408562425999961 ], [ -70.713820773999942, -33.40831804699998 ], [ -70.713540191999982, -33.408138630999915 ], [ -70.713346391999949, -33.408042079 ], [ -70.713133780999954, -33.407978539999917 ], [ -70.712876034999965, -33.407971019999927 ], [ -70.712547065999956, -33.408036498999934 ], [ -70.712342037999974, -33.408022709999948 ], [ -70.712038393999933, -33.408032440999925 ], [ -70.711628662999942, -33.408021476999984 ], [ -70.711191432999954, -33.40795549499996 ], [ -70.710774230999959, -33.407900313999946 ], [ -70.710198548999983, -33.407847315999966 ], [ -70.709299198999986, -33.407793236999971 ], [ -70.70856536499997, -33.407759029999973 ], [ -70.708096855999941, -33.407782101999942 ], [ -70.707694054999934, -33.407787647999953 ], [ -70.707158753999977, -33.40777285799993 ], [ -70.706769050999981, -33.407772680999983 ], [ -70.706484241999988, -33.40773228299998 ], [ -70.706239269999969, -33.407702414999967 ], [ -70.705823045999978, -33.407697059999968 ], [ -70.705645513999968, -33.407738278999943 ], [ -70.705325091999953, -33.407903334999958 ], [ -70.705056303999982, -33.40800674299993 ], [ -70.704800071999955, -33.408076740999945 ], [ -70.704556181999976, -33.408102250999939 ], [ -70.704114731999937, -33.408158173999922 ], [ -70.703824834, -33.408195393999968 ], [ -70.703444326999943, -33.408328031999936 ], [ -70.703129310999941, -33.408432070999943 ], [ -70.702593130999958, -33.40871087499994 ], [ -70.701978353999948, -33.409023991999959 ], [ -70.70137688799997, -33.409342463999955 ], [ -70.700829540999962, -33.409726665999983 ], [ -70.700353531999951, -33.410043412999983 ], [ -70.70001425099997, -33.410258569999925 ], [ -70.699616830999958, -33.410540997999924 ], [ -70.699330697999983, -33.410772043999934 ], [ -70.698986425999976, -33.411070361999975 ], [ -70.698608917999934, -33.411358053999962 ], [ -70.698132783999938, -33.411669253999939 ], [ -70.69772117399998, -33.411902014999946 ], [ -70.697291259999986, -33.41221257899997 ], [ -70.696489885999938, -33.412783046999941 ], [ -70.69547122299997, -33.413389717999955 ], [ -70.694968220999954, -33.413679114999987 ], [ -70.694714438999938, -33.413876470999966 ], [ -70.694527124999979, -33.414095076999949 ], [ -70.694281127999943, -33.414353260999974 ], [ -70.694014349999975, -33.414561871999979 ], [ -70.693812425999965, -33.414708660999949 ], [ -70.693610286999956, -33.414844372999944 ], [ -70.693316229999937, -33.415009036999948 ], [ -70.69306987799996, -33.415191875999938 ], [ -70.692918348999967, -33.415374092999961 ], [ -70.692689622999978, -33.415737744999944 ], [ -70.692292426999984, -33.416374684999937 ], [ -70.691985211999963, -33.416882984999965 ], [ -70.691805776999956, -33.417167954999968 ], [ -70.691501292999988, -33.417476788999977 ], [ -70.691057905999969, -33.417776435999947 ], [ -70.690772907999985, -33.41806838399998 ], [ -70.690499612999986, -33.418282615999949 ], [ -70.690074957999968, -33.418526608999962 ], [ -70.689571478999952, -33.418793831999935 ], [ -70.689212645999987, -33.419025845999947 ], [ -70.68884699299997, -33.419246871999974 ], [ -70.688539810999941, -33.419417243999938 ], [ -70.688346185999933, -33.419652545999952 ], [ -70.687955182999985, -33.419929310999976 ], [ -70.687666522999962, -33.420032952999968 ], [ -70.687488849999966, -33.420068608999934 ], [ -70.687223606999979, -33.420016820999933 ], [ -70.687012268999979, -33.420019695999926 ], [ -70.686834916999942, -33.420071964999977 ], [ -70.686579169999959, -33.420169617999925 ], [ -70.686204544999967, -33.420268885999974 ], [ -70.685777618999964, -33.420396561999951 ], [ -70.685298713999941, -33.420569260999969 ], [ -70.684911624999984, -33.420707471999954 ], [ -70.684536995999963, -33.420806735999975 ], [ -70.684020811999972, -33.421101807999946 ], [ -70.683602621999967, -33.421340150999981 ], [ -70.683304377999946, -33.421632261999939 ], [ -70.683037229999968, -33.421824235999956 ], [ -70.682488225999975, -33.422130826999933 ], [ -70.682186877999982, -33.422262326999935 ], [ -70.68149746499995, -33.422482183999932 ], [ -70.680604802999937, -33.422782345999963 ], [ -70.679857006999953, -33.423058380999969 ], [ -70.679200497999943, -33.423272239999967 ], [ -70.678249549999975, -33.423634110999963 ], [ -70.677409593999982, -33.42392799799994 ], [ -70.676802179999981, -33.424290750999951 ], [ -70.676436897999963, -33.424533894999975 ], [ -70.67587485599995, -33.424851712999953 ], [ -70.675037007999947, -33.42525634899993 ], [ -70.674302913999952, -33.425559863999979 ], [ -70.673423296999943, -33.425854259999937 ], [ -70.672970329999941, -33.426004402999972 ], [ -70.672208208999962, -33.426225189999961 ], [ -70.671414269999957, -33.426464123999942 ], [ -70.671439704999955, -33.426550598999938 ], [ -70.671574048999972, -33.426953566999927 ], [ -70.671713548999946, -33.427493310999978 ], [ -70.671766297999966, -33.427806747999959 ], [ -70.671783474999984, -33.428018302999924 ], [ -70.671786448999967, -33.428314898999929 ], [ -70.673720196999966, -33.427678876999948 ], [ -70.675937200999954, -33.42695872499997 ], [ -70.676207378999948, -33.426792348999967 ], [ -70.676622942999984, -33.426613940999971 ], [ -70.676868603999935, -33.426568285999956 ], [ -70.677229953999984, -33.426557543999934 ], [ -70.677544523999984, -33.426606027999973 ], [ -70.677923074999967, -33.426757552999959 ], [ -70.678323700999954, -33.426927285999952 ], [ -70.679031731999942, -33.427225096999969 ], [ -70.679348705999985, -33.427411517999921 ], [ -70.679655344999958, -33.42765709899993 ], [ -70.679918882999971, -33.427899842999956 ], [ -70.680220636999934, -33.428280489999963 ], [ -70.680368911999963, -33.428537998999957 ], [ -70.680595887999971, -33.428963643999971 ], [ -70.680680418999941, -33.429418344999931 ], [ -70.680727974999968, -33.429895273999932 ], [ -70.680695420999939, -33.430263264999951 ], [ -70.680639761999942, -33.431031091999948 ], [ -70.680552709999986, -33.432541522999948 ], [ -70.680472010999949, -33.434323977999959 ], [ -70.680265980999934, -33.436117010999958 ], [ -70.680092557999956, -33.438204295999967 ], [ -70.680072867999968, -33.438441275999935 ], [ -70.681769679999945, -33.438565508999929 ], [ -70.681822736999948, -33.43792293599995 ], [ -70.681888269999945, -33.437926818999976 ], [ -70.681929039999943, -33.437466066999953 ], [ -70.681431917999987, -33.437427071999934 ], [ -70.681421303999969, -33.437472640999943 ], [ -70.681321628999967, -33.437469219999969 ], [ -70.681330165999952, -33.437344282999952 ], [ -70.680776715999968, -33.437326285999966 ], [ -70.680878969999981, -33.436029437999942 ], [ -70.682628448999935, -33.436316914999964 ], [ -70.683628640999984, -33.436530013999977 ], [ -70.683726406999938, -33.437613155999941 ], [ -70.683797629999958, -33.437616960999939 ], [ -70.683799644999965, -33.437573983999982 ], [ -70.684238685999958, -33.437613355999929 ], [ -70.684147149999944, -33.438708130999935 ], [ -70.68592818999997, -33.438826225999939 ], [ -70.686492839999971, -33.438868667999934 ], [ -70.686770360999958, -33.438889527999947 ], [ -70.688684140999968, -33.439017586999967 ], [ -70.691030339999941, -33.439166645999933 ], [ -70.691809230999979, -33.439267878999935 ], [ -70.691744085999972, -33.439630546999972 ], [ -70.691712564999989, -33.440132009999964 ], [ -70.69176781799996, -33.441126442 ], [ -70.691854692999982, -33.442198951999956 ], [ -70.692039039999941, -33.444474803999981 ], [ -70.692046326999957, -33.445346520999976 ], [ -70.692137122999952, -33.446592238999976 ], [ -70.692252813999971, -33.447976484999963 ], [ -70.692863676999934, -33.447949532999914 ], [ -70.693587027999968, -33.447911019999921 ], [ -70.694138021999947, -33.44787915399997 ], [ -70.694808472999966, -33.447842787999953 ], [ -70.696214416999965, -33.447777745999936 ], [ -70.696770000999948, -33.44774000099995 ], [ -70.69763538899997, -33.447695302999925 ], [ -70.698274149999975, -33.447698006999921 ], [ -70.699196739999934, -33.447805621999983 ], [ -70.700468659999956, -33.447961408999937 ], [ -70.702728450999984, -33.448243918999928 ], [ -70.704247272999964, -33.448449245999917 ], [ -70.705416432999982, -33.44858921499997 ], [ -70.705680117999975, -33.448624240999948 ], [ -70.705770886999971, -33.448637307999945 ], [ -70.70661156999995, -33.448747425999954 ], [ -70.707102471999974, -33.44878647899997 ], [ -70.707153088999974, -33.448406398999957 ], [ -70.707231627999988, -33.447795441999972 ], [ -70.707268553999938, -33.447326788999931 ], [ -70.707324622999977, -33.446179278999978 ], [ -70.707330973999944, -33.445457647999952 ], [ -70.707333897999945, -33.444608777999967 ], [ -70.707334292999974, -33.444494112999955 ], [ -70.707343431999959, -33.44347895799995 ], [ -70.707349055999941, -33.442091583999968 ], [ -70.707325434999973, -33.441340343999968 ], [ -70.707249821999937, -33.44079306899993 ], [ -70.707173037999951, -33.439575804999947 ], [ -70.707087810999951, -33.438537611999941 ], [ -70.707069549999972, -33.438057830999981 ], [ -70.710203145999969, -33.438171457999943 ], [ -70.710678866999956, -33.438124426999941 ], [ -70.712522801999967, -33.437853636999932 ], [ -70.713383261999979, -33.437735521999969 ], [ -70.714811980999968, -33.437521019999956 ], [ -70.715504091999946, -33.437433039999966 ], [ -70.717038504999948, -33.437224636999915 ], [ -70.717667426999981, -33.437145107999982 ], [ -70.718533653999941, -33.437014230999971 ], [ -70.719905443999949, -33.436820692999959 ], [ -70.720486679999965, -33.436741273999914 ], [ -70.721533074999968, -33.436598295999936 ] ] ] ] } },
{ "type": "Feature", "properties": { "CUT_REG": "13", "CUT_PROV": "131", "CUT_COM": "13101", "REGION": "Metropolitana de Santiago", "PROVINCIA": "Santiago", "COMUNA": "Santiago", "SUPERFICIE": 23.18 }, "geometry": { "type": "MultiPolygon", "coordinates": [ [ [ [ -70.671736234999969, -33.475894864999923 ], [ -70.67208211599997, -33.475744890999977 ], [ -70.672442763999982, -33.475619322999933 ], [ -70.672595359999946, -33.475503592999928 ], [ -70.672747793999974, -33.475254661999934 ], [ -70.672852430999967, -33.475034972999943 ], [ -70.672878547999971, -33.474882497999943 ], [ -70.672916118999979, -33.473920206999928 ], [ -70.672912728999961, -33.472734608999922 ], [ -70.672912532999987, -33.472666072999964 ], [ -70.672916705999967, -33.471835052999957 ], [ -70.672943390999933, -33.470632058999968 ], [ -70.675178369, -33.470633899999939 ], [ -70.67724717699997, -33.470652418999961 ], [ -70.679253009999968, -33.470671049999972 ], [ -70.679761824999957, -33.470673614999946 ], [ -70.679809250999938, -33.470624577999956 ], [ -70.679838871999948, -33.470572500999928 ], [ -70.67984722999995, -33.470527102999938 ], [ -70.679843710999933, -33.470491928999927 ], [ -70.679740694999964, -33.470390714999944 ], [ -70.679188766999971, -33.469548844999963 ], [ -70.679138798999986, -33.469381157999983 ], [ -70.679087996999954, -33.46904724299997 ], [ -70.678937043999952, -33.466553794999967 ], [ -70.678830264999988, -33.464912159999983 ], [ -70.67876429599994, -33.463816080999948 ], [ -70.678679880999937, -33.462720728999948 ], [ -70.678617604999943, -33.461801061999942 ], [ -70.678505593999944, -33.460562425999974 ], [ -70.678407412999945, -33.459140722999962 ], [ -70.678270353999949, -33.457405721999976 ], [ -70.678147101999969, -33.455237733999979 ], [ -70.678026464999959, -33.453822635999977 ], [ -70.677904399999989, -33.451881363999959 ], [ -70.677828890999933, -33.451225292999929 ], [ -70.677832484999954, -33.450981917999975 ], [ -70.677893565999966, -33.450458572999935 ], [ -70.679031164999969, -33.450722320999951 ], [ -70.679096572999981, -33.449657606999949 ], [ -70.679243929999984, -33.447861816999925 ], [ -70.679501407999965, -33.444857762999952 ], [ -70.679576051999959, -33.443841203999966 ], [ -70.679770000999952, -33.443840000999955 ], [ -70.680554110999935, -33.443927921999943 ], [ -70.683678105999945, -33.444073682999935 ], [ -70.686867056999972, -33.444226809999975 ], [ -70.690140218999943, -33.444387973999937 ], [ -70.692039039999941, -33.444474803999981 ], [ -70.691854692999982, -33.442198951999956 ], [ -70.69176781799996, -33.441126442 ], [ -70.691712564999989, -33.440132009999964 ], [ -70.691744085999972, -33.439630546999972 ], [ -70.691809230999979, -33.439267878999935 ], [ -70.691030339999941, -33.439166645999933 ], [ -70.688684140999968, -33.439017586999967 ], [ -70.686770360999958, -33.438889527999947 ], [ -70.686492839999971, -33.438868667999934 ], [ -70.68592818999997, -33.438826225999939 ], [ -70.684147149999944, -33.438708130999935 ], [ -70.684238685999958, -33.437613355999929 ], [ -70.683799644999965, -33.437573983999982 ], [ -70.683797629999958, -33.437616960999939 ], [ -70.683726406999938, -33.437613155999941 ], [ -70.683628640999984, -33.436530013999977 ], [ -70.682628448999935, -33.436316914999964 ], [ -70.680878969999981, -33.436029437999942 ], [ -70.680776715999968, -33.437326285999966 ], [ -70.681330165999952, -33.437344282999952 ], [ -70.681321628999967, -33.437469219999969 ], [ -70.681421303999969, -33.437472640999943 ], [ -70.681431917999987, -33.437427071999934 ], [ -70.681929039999943, -33.437466066999953 ], [ -70.681888269999945, -33.437926818999976 ], [ -70.681822736999948, -33.43792293599995 ], [ -70.681769679999945, -33.438565508999929 ], [ -70.680072867999968, -33.438441275999935 ], [ -70.680092557999956, -33.438204295999967 ], [ -70.680265980999934, -33.436117010999958 ], [ -70.680472010999949, -33.434323977999959 ], [ -70.680552709999986, -33.432541522999948 ], [ -70.680639761999942, -33.431031091999948 ], [ -70.680695420999939, -33.430263264999951 ], [ -70.680727974999968, -33.429895273999932 ], [ -70.680680418999941, -33.429418344999931 ], [ -70.680595887999971, -33.428963643999971 ], [ -70.680368911999963, -33.428537998999957 ], [ -70.680220636999934, -33.428280489999963 ], [ -70.679918882999971, -33.427899842999956 ], [ -70.679655344999958, -33.42765709899993 ], [ -70.679348705999985, -33.427411517999921 ], [ -70.679031731999942, -33.427225096999969 ], [ -70.678323700999954, -33.426927285999952 ], [ -70.677923074999967, -33.426757552999959 ], [ -70.677544523999984, -33.426606027999973 ], [ -70.677229953999984, -33.426557543999934 ], [ -70.676868603999935, -33.426568285999956 ], [ -70.676622942999984, -33.426613940999971 ], [ -70.676207378999948, -33.426792348999967 ], [ -70.675937200999954, -33.42695872499997 ], [ -70.673720196999966, -33.427678876999948 ], [ -70.671786448999967, -33.428314898999929 ], [ -70.671783474999984, -33.428018302999924 ], [ -70.671766297999966, -33.427806747999959 ], [ -70.671713548999946, -33.427493310999978 ], [ -70.671574048999972, -33.426953566999927 ], [ -70.671439704999955, -33.426550598999938 ], [ -70.671414269999957, -33.426464123999942 ], [ -70.671362371999976, -33.426287674999962 ], [ -70.671279141999946, -33.426004104999954 ], [ -70.671146310999973, -33.426038440999946 ], [ -70.670695201999933, -33.426155050999959 ], [ -70.67053623399994, -33.426214603999938 ], [ -70.670471680999981, -33.426238786999932 ], [ -70.669781742999987, -33.426497251999933 ], [ -70.668844586999967, -33.426849731999937 ], [ -70.667797286999985, -33.427210638999938 ], [ -70.666492581999933, -33.427677808999931 ], [ -70.665483391999942, -33.428086153999963 ], [ -70.664807134999933, -33.428387322999974 ], [ -70.664237218999972, -33.428599654999957 ], [ -70.663802671999974, -33.428724569999922 ], [ -70.663109706999933, -33.428809252999933 ], [ -70.662584832999983, -33.428864678999958 ], [ -70.661828626999977, -33.429041409999961 ], [ -70.661429109999972, -33.429185490999934 ], [ -70.661048938999954, -33.429350446999933 ], [ -70.660140877999936, -33.429654003999921 ], [ -70.658987678999949, -33.429877210999969 ], [ -70.658563584999968, -33.429979880999944 ], [ -70.658012283999938, -33.430156562999969 ], [ -70.657042370999989, -33.430532731999961 ], [ -70.656527320999942, -33.430801109999948 ], [ -70.655507016999934, -33.431047550999949 ], [ -70.653549452999982, -33.431506982999963 ], [ -70.651607317999947, -33.431931206999927 ], [ -70.651526348999937, -33.431950534999942 ], [ -70.650299475999986, -33.43224340699993 ], [ -70.64941091299994, -33.432424540999932 ], [ -70.649352774999954, -33.432436391999929 ], [ -70.64834325399994, -33.432663715999979 ], [ -70.64653863999996, -33.433112114999972 ], [ -70.64495739299997, -33.43349268399993 ], [ -70.643294047999973, -33.433886508999926 ], [ -70.642365095999935, -33.434084359999936 ], [ -70.640354313999978, -33.434560339999962 ], [ -70.638783940999986, -33.434934363999965 ], [ -70.636708706999968, -33.435407497999947 ], [ -70.635715853999955, -33.435632447999978 ], [ -70.635401, -33.435690783999966 ], [ -70.635376432999976, -33.435695335999988 ], [ -70.635389266999937, -33.436460578999956 ], [ -70.635220125999979, -33.437166380999933 ], [ -70.635010197999975, -33.437924623999933 ], [ -70.634775316999935, -33.438905596 ], [ -70.634429243999989, -33.440014920999943 ], [ -70.633926707999933, -33.441763352999942 ], [ -70.633479952999949, -33.44343510399996 ], [ -70.633233489999952, -33.444217093999946 ], [ -70.632847806999962, -33.445424851999967 ], [ -70.632260311999971, -33.447379113999943 ], [ -70.631985005999979, -33.448401360999974 ], [ -70.631634392999956, -33.449583554999947 ], [ -70.631555358999947, -33.44983042199992 ], [ -70.63095332599994, -33.451906455999953 ], [ -70.630566388999966, -33.453218889999953 ], [ -70.630289526999945, -33.454095551999963 ], [ -70.630082957999946, -33.454714187999961 ], [ -70.629786580999962, -33.455696547999928 ], [ -70.628868775999933, -33.458947929999972 ], [ -70.627990706999981, -33.461943189999928 ], [ -70.62761934599996, -33.46328507099998 ], [ -70.62725181899998, -33.464447924999945 ], [ -70.626975803999983, -33.46545331599998 ], [ -70.626818305999961, -33.465943759999959 ], [ -70.626365735999968, -33.467503491999928 ], [ -70.626126892999935, -33.468461096999931 ], [ -70.62604069799994, -33.468724720999937 ], [ -70.625951482999938, -33.468910925999971 ], [ -70.625867472999971, -33.469032451999972 ], [ -70.625630109999975, -33.469239621999968 ], [ -70.625106645999949, -33.469561183999922 ], [ -70.625412968999967, -33.470119005999948 ], [ -70.625897017999932, -33.47080902699998 ], [ -70.626132612999982, -33.471043239999972 ], [ -70.626750982999965, -33.471587047999947 ], [ -70.627802293999935, -33.47197726499995 ], [ -70.628589616999989, -33.472309111999941 ], [ -70.631934041999955, -33.473523427999964 ], [ -70.635049749999951, -33.474744942999948 ], [ -70.63716597399997, -33.475424289999971 ], [ -70.638699976999987, -33.475935624999984 ], [ -70.639465335999944, -33.476143358999934 ], [ -70.640486091999946, -33.476299416999943 ], [ -70.641778922999947, -33.476496516999923 ], [ -70.64197401399997, -33.476528889999933 ], [ -70.641987650999965, -33.476531152999939 ], [ -70.642659877999961, -33.476570413999973 ], [ -70.644875514999967, -33.47669981699994 ], [ -70.64719297299996, -33.476892137999982 ], [ -70.650320849999957, -33.476801378999937 ], [ -70.653768404999937, -33.476540175999951 ], [ -70.654921785999989, -33.476437425999954 ], [ -70.655739748999963, -33.476359126999959 ], [ -70.656751003999943, -33.476262324999929 ], [ -70.658057288999942, -33.476161947999969 ], [ -70.659501169999942, -33.476017558999949 ], [ -70.660497447999944, -33.475902049999945 ], [ -70.66184070099996, -33.475818313999973 ], [ -70.664056726999945, -33.475797629999931 ], [ -70.665392585999939, -33.475824579999937 ], [ -70.668324304999942, -33.475893968999962 ], [ -70.669422660999942, -33.475905116999954 ], [ -70.671586056999956, -33.475902959999935 ], [ -70.671588130999965, -33.476862864999916 ], [ -70.671585795999988, -33.478520016999937 ], [ -70.673682575999976, -33.478506028999952 ], [ -70.675339213999962, -33.478480062999942 ], [ -70.677089854999963, -33.478456380999937 ], [ -70.678785192999953, -33.478444159999967 ], [ -70.680813231999934, -33.47840950899996 ], [ -70.68070176599997, -33.476839801999965 ], [ -70.680681806999985, -33.476510421999926 ], [ -70.679942539999956, -33.476513753999932 ], [ -70.678934463999951, -33.47650594199996 ], [ -70.67798768199998, -33.476576031999969 ], [ -70.677373663999958, -33.476627294999957 ], [ -70.676246997999954, -33.476671173999932 ], [ -70.675597578999941, -33.476658481999941 ], [ -70.674544874999981, -33.476551023999946 ], [ -70.673774251999987, -33.476454061999959 ], [ -70.672911896999949, -33.476472865999952 ], [ -70.67233906099996, -33.476444806999943 ], [ -70.671844462999957, -33.476265367999929 ], [ -70.671732962999954, -33.476247106999949 ], [ -70.671736234999969, -33.475894864999923 ] ] ] ] } },
{ "type": "Feature", "properties": { "CUT_REG": "13", "CUT_PROV": "131", "CUT_COM": "13106", "REGION": "Metropolitana de Santiago", "PROVINCIA": "Santiago", "COMUNA": "Estación Central", "SUPERFICIE": 14.38 }, "geometry": { "type": "MultiPolygon", "coordinates": [ [ [ [ -70.692039039999941, -33.444474803999981 ], [ -70.690140218999943, -33.444387973999937 ], [ -70.686867056999972, -33.444226809999975 ], [ -70.683678105999945, -33.444073682999935 ], [ -70.680554110999935, -33.443927921999943 ], [ -70.679770000999952, -33.443840000999955 ], [ -70.679576051999959, -33.443841203999966 ], [ -70.679501407999965, -33.444857762999952 ], [ -70.679243929999984, -33.447861816999925 ], [ -70.679096572999981, -33.449657606999949 ], [ -70.679031164999969, -33.450722320999951 ], [ -70.677893565999966, -33.450458572999935 ], [ -70.677832484999954, -33.450981917999975 ], [ -70.677828890999933, -33.451225292999929 ], [ -70.677904399999989, -33.451881363999959 ], [ -70.678026464999959, -33.453822635999977 ], [ -70.678147101999969, -33.455237733999979 ], [ -70.678270353999949, -33.457405721999976 ], [ -70.678407412999945, -33.459140722999962 ], [ -70.678505593999944, -33.460562425999974 ], [ -70.678617604999943, -33.461801061999942 ], [ -70.678679880999937, -33.462720728999948 ], [ -70.67876429599994, -33.463816080999948 ], [ -70.678830264999988, -33.464912159999983 ], [ -70.678937043999952, -33.466553794999967 ], [ -70.679087996999954, -33.46904724299997 ], [ -70.679138798999986, -33.469381157999983 ], [ -70.679188766999971, -33.469548844999963 ], [ -70.679740694999964, -33.470390714999944 ], [ -70.679843710999933, -33.470491928999927 ], [ -70.67984722999995, -33.470527102999938 ], [ -70.679838871999948, -33.470572500999928 ], [ -70.679809250999938, -33.470624577999956 ], [ -70.679761824999957, -33.470673614999946 ], [ -70.679253009999968, -33.470671049999972 ], [ -70.67724717699997, -33.470652418999961 ], [ -70.675178369, -33.470633899999939 ], [ -70.672943390999933, -33.470632058999968 ], [ -70.672916705999967, -33.471835052999957 ], [ -70.672912532999987, -33.472666072999964 ], [ -70.672912728999961, -33.472734608999922 ], [ -70.672916118999979, -33.473920206999928 ], [ -70.672878547999971, -33.474882497999943 ], [ -70.672852430999967, -33.475034972999943 ], [ -70.672747793999974, -33.475254661999934 ], [ -70.672595359999946, -33.475503592999928 ], [ -70.672442763999982, -33.475619322999933 ], [ -70.67208211599997, -33.475744890999977 ], [ -70.671736234999969, -33.475894864999923 ], [ -70.671732962999954, -33.476247106999949 ], [ -70.671844462999957, -33.476265367999929 ], [ -70.67233906099996, -33.476444806999943 ], [ -70.672911896999949, -33.476472865999952 ], [ -70.673774251999987, -33.476454061999959 ], [ -70.674544874999981, -33.476551023999946 ], [ -70.675597578999941, -33.476658481999941 ], [ -70.676246997999954, -33.476671173999932 ], [ -70.677373663999958, -33.476627294999957 ], [ -70.67798768199998, -33.476576031999969 ], [ -70.678934463999951, -33.47650594199996 ], [ -70.679942539999956, -33.476513753999932 ], [ -70.680681806999985, -33.476510421999926 ], [ -70.680703608999977, -33.476510323999946 ], [ -70.68292626799996, -33.476476715999986 ], [ -70.683305015999963, -33.476406431999976 ], [ -70.68381266199998, -33.47628786699994 ], [ -70.684583736999969, -33.476054768 ], [ -70.684894567999947, -33.476006160999923 ], [ -70.685404030999962, -33.476025717999953 ], [ -70.685851189999937, -33.476091932999964 ], [ -70.686244951999981, -33.476179631999969 ], [ -70.686421793999955, -33.476225184999976 ], [ -70.686541412999986, -33.476267759999971 ], [ -70.686875068999939, -33.476386515999927 ], [ -70.687425681999969, -33.476545803999954 ], [ -70.687912166999979, -33.476701668999972 ], [ -70.688419800999952, -33.476890886999961 ], [ -70.688768768999978, -33.477002808999941 ], [ -70.68911709799994, -33.47708181199993 ], [ -70.689460761999953, -33.477096453999927 ], [ -70.690045599999962, -33.477038371999981 ], [ -70.690427218999957, -33.477028154999978 ], [ -70.690602848999958, -33.477055107999945 ], [ -70.690785373999972, -33.477129209999937 ], [ -70.691024949999985, -33.477281987999966 ], [ -70.691514, -33.477613177999949 ], [ -70.69187, -33.477820001999923 ], [ -70.692012346999945, -33.477878817999958 ], [ -70.692094611999948, -33.47790875699998 ], [ -70.692219555999941, -33.47795 ], [ -70.692328456999974, -33.477967898999957 ], [ -70.692758529999949, -33.478047921999966 ], [ -70.693639068999971, -33.478231545999961 ], [ -70.694872739999937, -33.478491459999923 ], [ -70.695822138999972, -33.478701565999977 ], [ -70.696972456999958, -33.478920842999969 ], [ -70.697635393999974, -33.479041801999969 ], [ -70.697963442999935, -33.479145871999947 ], [ -70.698527704999947, -33.479389866999952 ], [ -70.698711959999969, -33.47942074499997 ], [ -70.69914463899994, -33.479414812999941 ], [ -70.699549829999967, -33.479459362999926 ], [ -70.700748369999985, -33.479741173999962 ], [ -70.702374371999952, -33.480040960999922 ], [ -70.70433868799995, -33.480458954999953 ], [ -70.705150369999956, -33.480613616999953 ], [ -70.705926541999986, -33.480772342999941 ], [ -70.706734469999958, -33.480880518999982 ], [ -70.70732989399994, -33.480957854999929 ], [ -70.707832402999941, -33.480966796999944 ], [ -70.708158010999966, -33.480945605999985 ], [ -70.708942207999939, -33.480830049999945 ], [ -70.709282946999963, -33.480811983999956 ], [ -70.709602374999974, -33.480838594999966 ], [ -70.709939562999978, -33.480899557999976 ], [ -70.710437919999947, -33.481047772999943 ], [ -70.711077801999977, -33.481297822999977 ], [ -70.711275414999989, -33.481355937999986 ], [ -70.71142, -33.48132 ], [ -70.711470540999983, -33.481287626999979 ], [ -70.711534417999985, -33.481205618999979 ], [ -70.711606677999953, -33.481187918999971 ], [ -70.711763170999973, -33.481182177999983 ], [ -70.711932871999977, -33.481196535999956 ], [ -70.71227, -33.481210000999958 ], [ -70.712414988999967, -33.481206575999977 ], [ -70.712509951999948, -33.481184981999945 ], [ -70.712566319999951, -33.481155569999927 ], [ -70.712620678999954, -33.481096360999963 ], [ -70.712720784999988, -33.480974481999965 ], [ -70.712917077, -33.480798575999977 ], [ -70.713119623999944, -33.480626619999953 ], [ -70.713275275999933, -33.480502730999945 ], [ -70.713452707999977, -33.480403642999924 ], [ -70.713599390999946, -33.480333611999981 ], [ -70.713688188999981, -33.480288242999961 ], [ -70.713728665999952, -33.480247119999937 ], [ -70.713796292999973, -33.48013881299994 ], [ -70.713850897999976, -33.480019947999949 ], [ -70.713903032999951, -33.479920206999957 ], [ -70.714071570999977, -33.479803344999944 ], [ -70.714295616999948, -33.479685715999942 ], [ -70.714503746999981, -33.479555182999945 ], [ -70.714858029999959, -33.479255603999938 ], [ -70.715218472999936, -33.478979799999927 ], [ -70.715431846999934, -33.478826524999931 ], [ -70.715636844999949, -33.478681717999955 ], [ -70.715892749999966, -33.478519501999983 ], [ -70.716128469999944, -33.478344442999962 ], [ -70.716300353999941, -33.478181003999964 ], [ -70.716422470999987, -33.478020640999937 ], [ -70.716589119999981, -33.477808360999965 ], [ -70.716747358999953, -33.477674936999961 ], [ -70.717011573999969, -33.477429092999955 ], [ -70.717324800999961, -33.477142005999937 ], [ -70.717516629999977, -33.47697948299998 ], [ -70.717721454999946, -33.476826322999955 ], [ -70.717945097999973, -33.476616829999955 ], [ -70.718226950999977, -33.476399371999939 ], [ -70.718386125999984, -33.476313652999977 ], [ -70.71853854799997, -33.476174341999979 ], [ -70.718710588999954, -33.47601924899994 ], [ -70.719091293999952, -33.475689466999938 ], [ -70.719391840999947, -33.475409708999962 ], [ -70.719612800999982, -33.475208360999943 ], [ -70.71976796499996, -33.475064478999961 ], [ -70.719976390999989, -33.474877860999982 ], [ -70.720072932999983, -33.474770699999958 ], [ -70.720176088999949, -33.474681819999944 ], [ -70.720341667999946, -33.474560218999954 ], [ -70.720433019999973, -33.474500492999944 ], [ -70.720627989999969, -33.474353429999958 ], [ -70.720726315999983, -33.474286448999976 ], [ -70.720815842999968, -33.474206465999941 ], [ -70.721535467999956, -33.47359518899998 ], [ -70.721986673999936, -33.473210360999921 ], [ -70.722156723999944, -33.473065324999929 ], [ -70.722331249999968, -33.472948251999973 ], [ -70.722458373999984, -33.472888554999948 ], [ -70.722713948999967, -33.472821243999924 ], [ -70.72306214799994, -33.472720483999971 ], [ -70.723492035999982, -33.472604270999966 ], [ -70.723873990999948, -33.472482995999925 ], [ -70.724152280999988, -33.472388931999937 ], [ -70.724352636999981, -33.472327447999923 ], [ -70.724838395999953, -33.472186114999943 ], [ -70.725082669999949, -33.472099680999982 ], [ -70.725397705999967, -33.471963585999958 ], [ -70.725613885999962, -33.471881835999973 ], [ -70.725966615999937, -33.47179460499995 ], [ -70.72627721899994, -33.471736592999939 ], [ -70.726485497999988, -33.471687163999945 ], [ -70.726701817999981, -33.471612568999944 ], [ -70.72693101699997, -33.47154137299998 ], [ -70.72880238099998, -33.470939051999949 ], [ -70.729515084999946, -33.470700047999962 ], [ -70.730325694999976, -33.470445355999971 ], [ -70.731310986999972, -33.470170323999973 ], [ -70.732834984999954, -33.469712378999922 ], [ -70.733627980999984, -33.469443972999947 ], [ -70.733268803999977, -33.469194506999933 ], [ -70.732257331999961, -33.468582314999921 ], [ -70.731436281999947, -33.468096300999953 ], [ -70.731426859999942, -33.466334343999961 ], [ -70.731383497999957, -33.463008813999977 ], [ -70.731378563999954, -33.462044922999944 ], [ -70.731385820999947, -33.461121424999916 ], [ -70.731372161999957, -33.459575461999968 ], [ -70.731365997999944, -33.458120063999957 ], [ -70.73135435599994, -33.456890222999952 ], [ -70.731344709999973, -33.45589892299995 ], [ -70.731268609999972, -33.454925088999971 ], [ -70.729487329999984, -33.455262497999968 ], [ -70.728139355999986, -33.455518531999921 ], [ -70.725605720999965, -33.456005549999922 ], [ -70.721283916999937, -33.456842338999927 ], [ -70.718696062999982, -33.457336469 ], [ -70.717452287999947, -33.457571443999946 ], [ -70.714428123999937, -33.458159274999964 ], [ -70.713791007999987, -33.458291576999954 ], [ -70.713025597999945, -33.458406150999963 ], [ -70.711560196999983, -33.458413396999958 ], [ -70.71019999899994, -33.458260000999935 ], [ -70.71009, -33.458230000999933 ], [ -70.709229705999974, -33.458000335999934 ], [ -70.708684447999985, -33.457874611999948 ], [ -70.707395047999967, -33.457564151999975 ], [ -70.706861166999943, -33.457425264999976 ], [ -70.706300729999953, -33.45731598899993 ], [ -70.705572479999944, -33.457150523999921 ], [ -70.705672619999973, -33.456113924999954 ], [ -70.705923525999935, -33.454487364999977 ], [ -70.706264473999966, -33.452497049999963 ], [ -70.706342039999981, -33.452102757999967 ], [ -70.706456014999958, -33.451785958999949 ], [ -70.706673799999976, -33.45122724699997 ], [ -70.706859040999973, -33.450392749999935 ], [ -70.706934628999988, -33.449897740999972 ], [ -70.707102471999974, -33.44878647899997 ], [ -70.70661156999995, -33.448747425999954 ], [ -70.705770886999971, -33.448637307999945 ], [ -70.705680117999975, -33.448624240999948 ], [ -70.705416432999982, -33.44858921499997 ], [ -70.704247272999964, -33.448449245999917 ], [ -70.702728450999984, -33.448243918999928 ], [ -70.700468659999956, -33.447961408999937 ], [ -70.699196739999934, -33.447805621999983 ], [ -70.698274149999975, -33.447698006999921 ], [ -70.69763538899997, -33.447695302999925 ], [ -70.696770000999948, -33.44774000099995 ], [ -70.696214416999965, -33.447777745999936 ], [ -70.694808472999966, -33.447842787999953 ], [ -70.694138021999947, -33.44787915399997 ], [ -70.693587027999968, -33.447911019999921 ], [ -70.692863676999934, -33.447949532999914 ], [ -70.692252813999971, -33.447976484999963 ], [ -70.692137122999952, -33.446592238999976 ], [ -70.692046326999957, -33.445346520999976 ], [ -70.692039039999941, -33.444474803999981 ] ] ] ] } },
{ "type": "Feature", "properties": { "CUT_REG": "13", "CUT_PROV": "131", "CUT_COM": "13103", "REGION": "Metropolitana de Santiago", "PROVINCIA": "Santiago", "COMUNA": "Cerro Navia", "SUPERFICIE": 11.05 }, "geometry": { "type": "MultiPolygon", "coordinates": [ [ [ [ -70.722407694999958, -33.411677984999983 ], [ -70.722185619999962, -33.411906577999957 ], [ -70.721966702999964, -33.412122071999931 ], [ -70.721772973999975, -33.412238576999982 ], [ -70.721390396999936, -33.412413344999948 ], [ -70.720881585999962, -33.412610097999966 ], [ -70.72046865599998, -33.412775167999939 ], [ -70.720016926999961, -33.412961007999975 ], [ -70.719523184999957, -33.413157545999972 ], [ -70.719215725999959, -33.413318619999984 ], [ -70.718908813999974, -33.413507507999945 ], [ -70.718664568999941, -33.413662645999963 ], [ -70.718131596999967, -33.414011475999985 ], [ -70.717669787999967, -33.41429861599994 ], [ -70.717327185999977, -33.414513285999931 ], [ -70.716897392999954, -33.414741808999956 ], [ -70.716385443999968, -33.414933527999949 ], [ -70.715856097999961, -33.415160894999936 ], [ -70.716185350999979, -33.41564700999993 ], [ -70.716496069999948, -33.416110615999969 ], [ -70.716614227999969, -33.416291084999948 ], [ -70.71668389599995, -33.416459578999927 ], [ -70.716767963999985, -33.416746746999934 ], [ -70.716923314999974, -33.417437603999929 ], [ -70.71718979799995, -33.418564477999958 ], [ -70.717464560999986, -33.419805051999958 ], [ -70.717786454999953, -33.42114108199997 ], [ -70.718078978999984, -33.422363702999959 ], [ -70.718281824999963, -33.423167713999931 ], [ -70.718455592999987, -33.423873488999959 ], [ -70.71856394799994, -33.42416790599998 ], [ -70.718943918999969, -33.42554106499994 ], [ -70.719261049999943, -33.426786103999973 ], [ -70.719737324999983, -33.42860559599994 ], [ -70.719992293999951, -33.429603629999974 ], [ -70.720249985999942, -33.430586450999961 ], [ -70.720515291999959, -33.431801852999968 ], [ -70.720685312999933, -33.432621489999974 ], [ -70.72084850799996, -33.43340075299993 ], [ -70.721014021999963, -33.434144574999934 ], [ -70.721291244999975, -33.435503973999978 ], [ -70.721533074999968, -33.436598295999936 ], [ -70.721627444999967, -33.436965974999971 ], [ -70.721768218999955, -33.43732606799994 ], [ -70.721880703999943, -33.437607247999949 ], [ -70.722109922999948, -33.43817644399995 ], [ -70.722336652999957, -33.438770043999952 ], [ -70.72245933499994, -33.438792243999956 ], [ -70.722775996999985, -33.438791291999969 ], [ -70.72301214099997, -33.438774217999928 ], [ -70.723278814999958, -33.438741202999942 ], [ -70.723530825999944, -33.438694598999973 ], [ -70.723740185999986, -33.438571005999961 ], [ -70.723854638999981, -33.438431491999943 ], [ -70.723971429999949, -33.43820229499994 ], [ -70.724071183999968, -33.438047468999962 ], [ -70.724130402999947, -33.437922514999961 ], [ -70.724174060999985, -33.437842601999932 ], [ -70.72424622799997, -33.437748499999934 ], [ -70.724317292999956, -33.437702686999948 ], [ -70.72468983999994, -33.437616475999967 ], [ -70.725234422999975, -33.437495111999965 ], [ -70.725978411999961, -33.43737097099995 ], [ -70.726536008999972, -33.437283901999933 ], [ -70.72675131699998, -33.437253318999979 ], [ -70.727033508999966, -33.437173530999921 ], [ -70.727309190999961, -33.437076592999972 ], [ -70.727482562999967, -33.437005215999932 ], [ -70.727773699999943, -33.436858063999978 ], [ -70.727883581999947, -33.43679963999994 ], [ -70.728097487999946, -33.436698387999961 ], [ -70.72837279099997, -33.436582488999932 ], [ -70.728574634999973, -33.43649519699995 ], [ -70.728707026999984, -33.436431285999952 ], [ -70.728831571999933, -33.436386447999944 ], [ -70.728995619999978, -33.436363471999975 ], [ -70.729110570999978, -33.436353248999978 ], [ -70.729759121999962, -33.436290757999984 ], [ -70.730324071999974, -33.43626390999998 ], [ -70.730957681999939, -33.436277477999973 ], [ -70.731704630999957, -33.436303252999942 ], [ -70.732408237999948, -33.436321007999936 ], [ -70.73271090999998, -33.436340914999967 ], [ -70.733013273999973, -33.436345308999925 ], [ -70.733795444999942, -33.436384370999967 ], [ -70.734161810999979, -33.436401659999937 ], [ -70.734597967999946, -33.436412798999989 ], [ -70.735079008999946, -33.43640606799994 ], [ -70.735862309999959, -33.436398551999964 ], [ -70.736472929999934, -33.436393448999965 ], [ -70.73757719799994, -33.436395218999962 ], [ -70.738699933999953, -33.436394994999937 ], [ -70.739526265999984, -33.436379956999922 ], [ -70.73973624599995, -33.436382397999971 ], [ -70.739929393999944, -33.436384643999915 ], [ -70.740457817999982, -33.436382399999964 ], [ -70.740883356999973, -33.436392656999935 ], [ -70.740885637999966, -33.435024853999941 ], [ -70.740875703999961, -33.434170331999951 ], [ -70.740857655999946, -33.433052961999969 ], [ -70.740840585999933, -33.432141255999959 ], [ -70.740838638999946, -33.431701773999976 ], [ -70.740830573999972, -33.431554429999949 ], [ -70.740822248999962, -33.431052044999937 ], [ -70.740804104999938, -33.429886955999955 ], [ -70.741332089999958, -33.429906742999947 ], [ -70.741618854999956, -33.429902715999958 ], [ -70.74288645699994, -33.429937874999936 ], [ -70.744145009999968, -33.42994737999993 ], [ -70.744404691999989, -33.429955179999979 ], [ -70.74567180799994, -33.429965979999956 ], [ -70.746594495999943, -33.430000229999955 ], [ -70.746825462999936, -33.429938279999931 ], [ -70.74706, -33.42989 ], [ -70.748335760999964, -33.429644984999982 ], [ -70.748980127999971, -33.429508482999957 ], [ -70.749387605999971, -33.429393931999989 ], [ -70.749672643999986, -33.429304011999939 ], [ -70.749868162999974, -33.429262599999966 ], [ -70.750016204999952, -33.429237603999979 ], [ -70.750556933999974, -33.429126894999953 ], [ -70.750834825999959, -33.42902132599994 ], [ -70.751310412999942, -33.428812750999946 ], [ -70.751753853999958, -33.428618943999929 ], [ -70.751980075999938, -33.428491196999964 ], [ -70.752187492999951, -33.428362282999956 ], [ -70.752402138999969, -33.428253309999938 ], [ -70.752534527999956, -33.428214215999958 ], [ -70.752944967999952, -33.428162602999976 ], [ -70.753547996999941, -33.428093947999962 ], [ -70.754399538999962, -33.427987415999951 ], [ -70.754515261999984, -33.427968598999939 ], [ -70.754737335999948, -33.427889580999917 ], [ -70.755049737999968, -33.427717659999928 ], [ -70.755242218999967, -33.427610426999934 ], [ -70.755385862999958, -33.427536811999978 ], [ -70.755550506999953, -33.427488668999949 ], [ -70.75583304099996, -33.42744458399995 ], [ -70.756132700999956, -33.427403117999972 ], [ -70.756732278999948, -33.427333064999971 ], [ -70.757015272999979, -33.427311875999976 ], [ -70.757615046999945, -33.42733630399993 ], [ -70.759034954999947, -33.427390613999926 ], [ -70.759985445999973, -33.427450139999955 ], [ -70.760466694999934, -33.427523478999937 ], [ -70.761035947999972, -33.427642809999952 ], [ -70.761279392999938, -33.427692321999977 ], [ -70.761592328999939, -33.427716509999982 ], [ -70.761873962999971, -33.427712507999956 ], [ -70.762731823999957, -33.427665956999924 ], [ -70.762903899999969, -33.427647763 ], [ -70.763031422999973, -33.427621612999914 ], [ -70.763338165999983, -33.427508447999976 ], [ -70.763949044999947, -33.427237772999945 ], [ -70.764802580999969, -33.426893491999984 ], [ -70.765272072999949, -33.426639138999981 ], [ -70.765911172999949, -33.426291353999936 ], [ -70.766397390999941, -33.426027420999958 ], [ -70.766769613999941, -33.425845928999934 ], [ -70.767109179, -33.425765119999944 ], [ -70.767307444999972, -33.425834491999979 ], [ -70.767552493999972, -33.426131638999948 ], [ -70.767789146999988, -33.426295287999963 ], [ -70.768034180999962, -33.426310882999928 ], [ -70.768269170999986, -33.426111877999965 ], [ -70.768463269999984, -33.425860961999938 ], [ -70.768669133999936, -33.425628966999959 ], [ -70.768917725999984, -33.425539523999923 ], [ -70.769440085999975, -33.425479578999948 ], [ -70.769899667999937, -33.425410982999949 ], [ -70.770591255999989, -33.425277035999954 ], [ -70.771259307999969, -33.425105245999923 ], [ -70.771683921999966, -33.42507174699994 ], [ -70.771779759999959, -33.425064185999929 ], [ -70.77199795599995, -33.425046971999954 ], [ -70.772190237999951, -33.425042256999973 ], [ -70.772591851999948, -33.424951602999947 ], [ -70.772812568999939, -33.424806269999969 ], [ -70.773135411999988, -33.424423691999955 ], [ -70.773640227999977, -33.424298717999925 ], [ -70.774073422999948, -33.424029044999948 ], [ -70.774172181999973, -33.423889703999976 ], [ -70.77424022799994, -33.42379369799994 ], [ -70.774402710999937, -33.423346007999953 ], [ -70.774479378999956, -33.423098246999984 ], [ -70.774672359999954, -33.422944746 ], [ -70.775021658999947, -33.422843821999933 ], [ -70.775585434999982, -33.422842602999935 ], [ -70.77594738199997, -33.422804869999936 ], [ -70.776341252999941, -33.422584485999948 ], [ -70.776568191999957, -33.422370870999949 ], [ -70.776802965999934, -33.422205183999949 ], [ -70.776945917999967, -33.421916885999963 ], [ -70.77713599599997, -33.421470360999933 ], [ -70.77725488599998, -33.420881692999949 ], [ -70.777343821999978, -33.420498653999971 ], [ -70.777453324999954, -33.420287113999962 ], [ -70.777720368999951, -33.419987418999945 ], [ -70.778265636999947, -33.419836831999923 ], [ -70.778659975999972, -33.419640293999976 ], [ -70.778971552999963, -33.419292237 ], [ -70.779220158999976, -33.418925993999949 ], [ -70.77958186099994, -33.418524722999948 ], [ -70.779674093999972, -33.418303884999936 ], [ -70.77995614699995, -33.41790375599993 ], [ -70.780164728999978, -33.417528541999964 ], [ -70.780410362999987, -33.417295956999965 ], [ -70.780572904999985, -33.417174321999923 ], [ -70.780712884999957, -33.417062554999973 ], [ -70.781000503999962, -33.416922791999973 ], [ -70.781235908999975, -33.41685899699997 ], [ -70.781580489999953, -33.416734745999953 ], [ -70.781937323999969, -33.416653265999962 ], [ -70.782136626999943, -33.416659946999971 ], [ -70.782148720999942, -33.416416397999967 ], [ -70.782160230999978, -33.416144224999982 ], [ -70.782167939999965, -33.415685996999969 ], [ -70.782195150999939, -33.415346789999937 ], [ -70.782219862999966, -33.414606765999963 ], [ -70.782271359999982, -33.413785230999963 ], [ -70.782271391999984, -33.413784520999961 ], [ -70.781861798999955, -33.413777325999945 ], [ -70.781251677999933, -33.413759696999932 ], [ -70.780941348999988, -33.413783225999971 ], [ -70.780768549999948, -33.413796326999943 ], [ -70.780121522999934, -33.413897991999924 ], [ -70.779492341999969, -33.41391031999995 ], [ -70.778956672999982, -33.413878414999935 ], [ -70.778551325999956, -33.413871030999921 ], [ -70.778263792999951, -33.413844353999941 ], [ -70.777994917999933, -33.413786632999972 ], [ -70.77777360499995, -33.413737018999946 ], [ -70.77737877999995, -33.413666797999952 ], [ -70.77705343599996, -33.413634713999961 ], [ -70.776605599999982, -33.413562404999936 ], [ -70.776235379999946, -33.413541314999982 ], [ -70.77585023499995, -33.41356002699996 ], [ -70.775398768999935, -33.413606079999965 ], [ -70.774995032999982, -33.413677841999963 ], [ -70.774536571999988, -33.413766880999958 ], [ -70.774071652999964, -33.413925292999977 ], [ -70.773592342999962, -33.414149891999948 ], [ -70.773302989999934, -33.414236507999917 ], [ -70.772907382999961, -33.414321343999973 ], [ -70.772728080999968, -33.414403086999982 ], [ -70.772575839999959, -33.414461347999968 ], [ -70.772356203999948, -33.414494178999981 ], [ -70.772105305999958, -33.414537353999947 ], [ -70.771842340999967, -33.414567504999972 ], [ -70.771700150999948, -33.414585526999936 ], [ -70.771229284999947, -33.414599355999933 ], [ -70.770819598999935, -33.414572213999982 ], [ -70.770078548999948, -33.414500313999952 ], [ -70.769420022999952, -33.414423932999959 ], [ -70.768776962999937, -33.414334130999976 ], [ -70.767567562999943, -33.414057747999955 ], [ -70.766516618999958, -33.413835181999957 ], [ -70.76585629799996, -33.413669729999974 ], [ -70.765236107999954, -33.413543292999975 ], [ -70.764710181999988, -33.413428256999971 ], [ -70.764279819999956, -33.413338316999955 ], [ -70.763624248999989, -33.413206615999975 ], [ -70.762845886999969, -33.413039526999974 ], [ -70.762091390999956, -33.412885289999963 ], [ -70.761497874999975, -33.412715566999957 ], [ -70.761082467999984, -33.412599396999944 ], [ -70.760810373999959, -33.412566968999947 ], [ -70.760443426999984, -33.412512792999955 ], [ -70.759967160999963, -33.412499756999964 ], [ -70.759326316999989, -33.412518746999972 ], [ -70.75870940199998, -33.412553889999963 ], [ -70.757688205999955, -33.412634348999973 ], [ -70.756746128999964, -33.412736773999931 ], [ -70.756176934999985, -33.412797620999974 ], [ -70.755453298999953, -33.412807865999959 ], [ -70.755204470999956, -33.412758600999943 ], [ -70.754801334, -33.412665329999982 ], [ -70.754446253999959, -33.412614266999981 ], [ -70.753929333999963, -33.412535799999944 ], [ -70.753360093999959, -33.412398684999971 ], [ -70.752994466999951, -33.412325364999958 ], [ -70.75254401799998, -33.412311243999973 ], [ -70.751954099999978, -33.41231957899997 ], [ -70.751246395999942, -33.412339470999939 ], [ -70.750936488999969, -33.41226576199994 ], [ -70.750689620999935, -33.412235158999977 ], [ -70.750272018999965, -33.412205835999941 ], [ -70.749999946999935, -33.412209926999928 ], [ -70.749364336999975, -33.412257157999925 ], [ -70.748602630999983, -33.412330582999964 ], [ -70.747589620999975, -33.412427339999958 ], [ -70.746895693999988, -33.412545988999959 ], [ -70.746436478999954, -33.412598643999956 ], [ -70.745913348999977, -33.412602709999923 ], [ -70.745395905999942, -33.412497820999931 ], [ -70.744543647999933, -33.412371245999957 ], [ -70.743991207999954, -33.412286637999955 ], [ -70.743518479999977, -33.412253694999954 ], [ -70.742866227999968, -33.412292553999976 ], [ -70.742402880999975, -33.412335354999975 ], [ -70.741904335999948, -33.412388546999978 ], [ -70.741011322999952, -33.412387887999955 ], [ -70.740248158999975, -33.412388700999941 ], [ -70.739196715999981, -33.412334166999976 ], [ -70.737987893999957, -33.412278529999966 ], [ -70.737219943999946, -33.412236500999938 ], [ -70.736058120999985, -33.412170289999942 ], [ -70.735282699999971, -33.412148148999961 ], [ -70.734292940999978, -33.412227975999947 ], [ -70.733009068999934, -33.412354794999935 ], [ -70.732019370999978, -33.412437901999965 ], [ -70.731203434999955, -33.412554867999958 ], [ -70.730431738999982, -33.41272069799993 ], [ -70.729762686999948, -33.412904887999957 ], [ -70.728985015999967, -33.413166468999975 ], [ -70.728403490999938, -33.413343404999971 ], [ -70.727845970999965, -33.413456174999965 ], [ -70.727169969999977, -33.413488684999948 ], [ -70.726815421999959, -33.413463928999931 ], [ -70.726337256999955, -33.413355113999962 ], [ -70.725508692999938, -33.413033425999977 ], [ -70.724195109999982, -33.412454540999931 ], [ -70.723523745999955, -33.412124055999982 ], [ -70.722407694999958, -33.411677984999983 ] ] ] ] } },
{ "type": "Feature", "properties": { "CUT_REG": "13", "CUT_PROV": "131", "CUT_COM": "13129", "REGION": "Metropolitana de Santiago", "PROVINCIA": "Santiago", "COMUNA": "San Joaquín", "SUPERFICIE": 9.94 }, "geometry": { "type": "MultiPolygon", "coordinates": [ [ [ [ -70.611275942999953, -33.513062940999937 ], [ -70.612370182999939, -33.513072944999969 ], [ -70.614085174999957, -33.513084010999933 ], [ -70.614759792999962, -33.513084534999955 ], [ -70.61486, -33.513090000999966 ], [ -70.61496, -33.513090000999966 ], [ -70.615156964999983, -33.513124917999953 ], [ -70.61599847399998, -33.513343003999971 ], [ -70.616968582999959, -33.513583265999955 ], [ -70.617982925999968, -33.513827714999941 ], [ -70.619157463999969, -33.514108237999942 ], [ -70.619519757999967, -33.514213259999963 ], [ -70.620059796999954, -33.514379186999982 ], [ -70.620741361999933, -33.514649439999957 ], [ -70.621187470999985, -33.514895331999988 ], [ -70.621967850999965, -33.515270464999965 ], [ -70.622802458999956, -33.51565084799995 ], [ -70.623308272999964, -33.515889983999948 ], [ -70.624127186999942, -33.516344530999952 ], [ -70.624571131999971, -33.516549874999953 ], [ -70.625530650999963, -33.516982286999962 ], [ -70.625894235999965, -33.517155275999976 ], [ -70.626652760999946, -33.517502032999971 ], [ -70.62709771699997, -33.517684686999928 ], [ -70.627329604999943, -33.517746063999937 ], [ -70.62777, -33.517820000999968 ], [ -70.628016386999946, -33.517836058999926 ], [ -70.628443090999951, -33.517880556999955 ], [ -70.629196598999954, -33.517958930999946 ], [ -70.630159856999967, -33.51805720699997 ], [ -70.630832178999981, -33.518135445999967 ], [ -70.63127179199995, -33.518184535999971 ], [ -70.631891181999947, -33.518250343999952 ], [ -70.632402127999967, -33.518305646999984 ], [ -70.633225506999963, -33.518387847999968 ], [ -70.633889132999968, -33.518457833999939 ], [ -70.634355937999942, -33.518513711999951 ], [ -70.634881036999957, -33.518564047 ], [ -70.635664570999964, -33.518647949999938 ], [ -70.636079822999989, -33.518688992999948 ], [ -70.636604642999941, -33.518729771999979 ], [ -70.636750113999938, -33.517471831999949 ], [ -70.636837960999969, -33.516540105999972 ], [ -70.636988075999966, -33.514982406999941 ], [ -70.637076457999967, -33.514079305999928 ], [ -70.637118488999988, -33.513739928999932 ], [ -70.637231162999967, -33.51306795499994 ], [ -70.637279786999954, -33.512776211999956 ], [ -70.637338760999981, -33.512471392999927 ], [ -70.637547647999952, -33.511572479999977 ], [ -70.637775963999957, -33.510689001999921 ], [ -70.637925558999939, -33.51001176699998 ], [ -70.638025182999968, -33.509554710999964 ], [ -70.638192953999976, -33.508784177999928 ], [ -70.63839, -33.508120000999938 ], [ -70.63841, -33.508020000999984 ], [ -70.63849, -33.507300000999976 ], [ -70.6385, -33.507220000999951 ], [ -70.638506476999964, -33.507164937999967 ], [ -70.638508085999945, -33.507151264999948 ], [ -70.63850843299997, -33.507148315999984 ], [ -70.638508590999948, -33.507146975999945 ], [ -70.638508664999961, -33.507146347999935 ], [ -70.638508694999985, -33.507146090999974 ], [ -70.638508700999978, -33.507146035999931 ], [ -70.63850870999994, -33.507145965999939 ], [ -70.638508712999965, -33.507145939999923 ], [ -70.638508717999969, -33.507145901999934 ], [ -70.638508723999962, -33.507145849999965 ], [ -70.638508736999938, -33.50714574199997 ], [ -70.638508744999967, -33.507145666999975 ], [ -70.638508758999933, -33.507145544999958 ], [ -70.638509398999986, -33.507140106999941 ], [ -70.63869, -33.505650000999935 ], [ -70.63874, -33.505290000999935 ], [ -70.63874, -33.505240000999947 ], [ -70.638742343999979, -33.505195452999949 ], [ -70.638744284999973, -33.50515859099994 ], [ -70.638745461999974, -33.505136235999949 ], [ -70.638747597999952, -33.50509564999993 ], [ -70.638748642999985, -33.505075768 ], [ -70.638751197999966, -33.505027239999954 ], [ -70.63878, -33.504480000999934 ], [ -70.638809998999989, -33.504100000999976 ], [ -70.63882, -33.503850000999932 ], [ -70.63897, -33.502560000999942 ], [ -70.63916, -33.50098 ], [ -70.639289844999951, -33.500001222999977 ], [ -70.639368183999977, -33.499246903999961 ], [ -70.63943, -33.498630000999988 ], [ -70.639481411999952, -33.497850747999955 ], [ -70.639625411999987, -33.496727388999929 ], [ -70.639701574999947, -33.496084526999915 ], [ -70.639802791999955, -33.495259992999934 ], [ -70.639919096999961, -33.494480593999974 ], [ -70.640185351999946, -33.492592072999969 ], [ -70.640319297999952, -33.491596314999981 ], [ -70.640439296999944, -33.490806314999929 ], [ -70.640611308999951, -33.48950839999997 ], [ -70.640822208999964, -33.487856829999949 ], [ -70.641045625999936, -33.486114423999929 ], [ -70.641217261999941, -33.484797422999975 ], [ -70.641236481999954, -33.484608668999961 ], [ -70.641481597999984, -33.482772527999941 ], [ -70.641671594999934, -33.481242527999946 ], [ -70.641764010999964, -33.480120631999959 ], [ -70.64182591499997, -33.478874279999957 ], [ -70.64189989099998, -33.477513235999929 ], [ -70.64197401399997, -33.476528889999933 ], [ -70.641778922999947, -33.476496516999923 ], [ -70.640486091999946, -33.476299416999943 ], [ -70.639465335999944, -33.476143358999934 ], [ -70.638699976999987, -33.475935624999984 ], [ -70.63716597399997, -33.475424289999971 ], [ -70.635049749999951, -33.474744942999948 ], [ -70.631934041999955, -33.473523427999964 ], [ -70.628589616999989, -33.472309111999941 ], [ -70.627802293999935, -33.47197726499995 ], [ -70.626750982999965, -33.471587047999947 ], [ -70.626132612999982, -33.471043239999972 ], [ -70.625897017999932, -33.47080902699998 ], [ -70.625412968999967, -33.470119005999948 ], [ -70.625106645999949, -33.469561183999922 ], [ -70.624644694999972, -33.469836093999959 ], [ -70.624409974999935, -33.469998680999936 ], [ -70.624312444999987, -33.470112105999945 ], [ -70.624213001999976, -33.470275662999939 ], [ -70.62410377599997, -33.470525247999944 ], [ -70.623996466999984, -33.471182827999932 ], [ -70.623844007999935, -33.471840590999932 ], [ -70.623559496999974, -33.472903061999943 ], [ -70.623435208999979, -33.473424191999982 ], [ -70.623189981999985, -33.474329864999959 ], [ -70.623049187999982, -33.474926258999957 ], [ -70.622617034999962, -33.476508096999972 ], [ -70.622280054999976, -33.477805689999968 ], [ -70.622054533999972, -33.478574804999937 ], [ -70.622018214999969, -33.478691210999955 ], [ -70.621698447999961, -33.479979499999949 ], [ -70.62146992199996, -33.480833634999954 ], [ -70.621163589999981, -33.48191313399996 ], [ -70.620943383999986, -33.482681120999978 ], [ -70.620584350999934, -33.484014715999926 ], [ -70.620434227999965, -33.484352187999946 ], [ -70.618924697999944, -33.486827774999952 ], [ -70.618563207999955, -33.487414103999988 ], [ -70.618373256999973, -33.487979700999965 ], [ -70.61761794399996, -33.491296677999969 ], [ -70.617206861999989, -33.493011094999922 ], [ -70.616871301999936, -33.494479471999973 ], [ -70.616256405999934, -33.497229422999965 ], [ -70.615820640999985, -33.499186651999928 ], [ -70.615640362999955, -33.50001758999997 ], [ -70.615466890999983, -33.500799609999937 ], [ -70.614792923999971, -33.503845178999939 ], [ -70.61445, -33.50541 ], [ -70.614289689999964, -33.506027137999972 ], [ -70.614334716999977, -33.506548158999976 ], [ -70.61423625599997, -33.506999178999926 ], [ -70.614194653999959, -33.50718974199998 ], [ -70.614093124999954, -33.507614030999939 ], [ -70.613927487999945, -33.507993050999985 ], [ -70.613822745999983, -33.508230085999969 ], [ -70.613134404999983, -33.508864065999944 ], [ -70.611589753999965, -33.510354475999975 ], [ -70.611554037999952, -33.510548212999936 ], [ -70.611454304999938, -33.511437131999962 ], [ -70.611380512999972, -33.512158210999914 ], [ -70.611275942999953, -33.513062940999937 ] ] ] ] } },
{ "type": "Feature", "properties": { "CUT_REG": "13", "CUT_PROV": "131", "CUT_COM": "13121", "REGION": "Metropolitana de Santiago", "PROVINCIA": "Santiago", "COMUNA": "Pedro Aguirre Cerda", "SUPERFICIE": 8.73 }, "geometry": { "type": "MultiPolygon", "coordinates": [ [ [ [ -70.694341263999945, -33.499978502999966 ], [ -70.694237659999942, -33.499777106999936 ], [ -70.694048955999961, -33.499410446999953 ], [ -70.693849892999935, -33.499023647999927 ], [ -70.693712493999953, -33.498732042999961 ], [ -70.693540981999945, -33.498370515999959 ], [ -70.693340689999957, -33.497956889999948 ], [ -70.693117102999963, -33.497480350999965 ], [ -70.69291433099994, -33.497048861999922 ], [ -70.692724276999968, -33.496648813999968 ], [ -70.692422756999974, -33.496008701999983 ], [ -70.692123596999977, -33.495379889999988 ], [ -70.691821131, -33.494727260999973 ], [ -70.691470994, -33.493966121999954 ], [ -70.691274324999938, -33.493532756999961 ], [ -70.690850090999959, -33.492453372999925 ], [ -70.690769242999977, -33.492249753999928 ], [ -70.690263708999964, -33.491118506999953 ], [ -70.68973682799998, -33.48994316899995 ], [ -70.689467136999951, -33.489341267999976 ], [ -70.68913404999995, -33.488460247999953 ], [ -70.688931819999937, -33.487994243999928 ], [ -70.688439389999985, -33.486831313999971 ], [ -70.688107096999943, -33.486054648999982 ], [ -70.687733984999966, -33.485169734999943 ], [ -70.687161105999962, -33.483674323999935 ], [ -70.686778224999955, -33.482725115999976 ], [ -70.686572045999981, -33.482224465999941 ], [ -70.686333967999985, -33.481620455999973 ], [ -70.686256921999984, -33.481412062999929 ], [ -70.68617742899994, -33.481219938999971 ], [ -70.686000000999968, -33.48077 ], [ -70.68576498699997, -33.480148894999942 ], [ -70.68569002199996, -33.479947839999951 ], [ -70.685533374999977, -33.479472207999947 ], [ -70.685513322999952, -33.479201424999928 ], [ -70.685504217999949, -33.479084154999953 ], [ -70.685536654999964, -33.478818384999954 ], [ -70.685580865999952, -33.478572496999966 ], [ -70.68564134199994, -33.478284392999967 ], [ -70.685748291, -33.477925983999953 ], [ -70.685797775999959, -33.47771724699993 ], [ -70.685892560999946, -33.47731891799998 ], [ -70.68591153999995, -33.477240396999939 ], [ -70.68600620999996, -33.476953736999967 ], [ -70.686131155999988, -33.476760197999965 ], [ -70.686292990999959, -33.476530842999978 ], [ -70.686327251999955, -33.476476928999944 ], [ -70.68644016099995, -33.476367542999981 ], [ -70.686541412999986, -33.476267759999971 ], [ -70.686421793999955, -33.476225184999976 ], [ -70.686244951999981, -33.476179631999969 ], [ -70.685851189999937, -33.476091932999964 ], [ -70.685404030999962, -33.476025717999953 ], [ -70.684894567999947, -33.476006160999923 ], [ -70.684583736999969, -33.476054768 ], [ -70.68381266199998, -33.47628786699994 ], [ -70.683305015999963, -33.476406431999976 ], [ -70.68292626799996, -33.476476715999986 ], [ -70.680703608999977, -33.476510323999946 ], [ -70.680681806999985, -33.476510421999926 ], [ -70.68070176599997, -33.476839801999965 ], [ -70.680813231999934, -33.47840950899996 ], [ -70.678785192999953, -33.478444159999967 ], [ -70.677089854999963, -33.478456380999937 ], [ -70.675339213999962, -33.478480062999942 ], [ -70.673682575999976, -33.478506028999952 ], [ -70.671585795999988, -33.478520016999937 ], [ -70.671588130999965, -33.476862864999916 ], [ -70.671586056999956, -33.475902959999935 ], [ -70.669422660999942, -33.475905116999954 ], [ -70.668324304999942, -33.475893968999962 ], [ -70.665392585999939, -33.475824579999937 ], [ -70.664056726999945, -33.475797629999931 ], [ -70.66184070099996, -33.475818313999973 ], [ -70.660497447999944, -33.475902049999945 ], [ -70.659501169999942, -33.476017558999949 ], [ -70.658057288999942, -33.476161947999969 ], [ -70.656751003999943, -33.476262324999929 ], [ -70.655739748999963, -33.476359126999959 ], [ -70.654921785999989, -33.476437425999954 ], [ -70.655022036999981, -33.476647237999941 ], [ -70.655187760999979, -33.477007229999963 ], [ -70.655349825999963, -33.477354385999938 ], [ -70.655543731999956, -33.477848574999939 ], [ -70.655763812999965, -33.47846124099992 ], [ -70.655891151999981, -33.478778794999975 ], [ -70.655979790999936, -33.478947975999972 ], [ -70.656156689999989, -33.47926629899996 ], [ -70.656614642999955, -33.480079075999988 ], [ -70.656717521999951, -33.480278130999984 ], [ -70.657089293999945, -33.481050539999941 ], [ -70.657356509999943, -33.481625348999955 ], [ -70.657681277999984, -33.482321314999972 ], [ -70.657902336999939, -33.482789605999969 ], [ -70.658382969999934, -33.483804409999934 ], [ -70.658485366999969, -33.484022557999928 ], [ -70.658834304999971, -33.484775462999949 ], [ -70.65899315999998, -33.485116928999958 ], [ -70.659126793999974, -33.485405046999965 ], [ -70.659666828999946, -33.48654670399997 ], [ -70.660484628999939, -33.488290696999968 ], [ -70.661024268999938, -33.489409684999934 ], [ -70.66125, -33.489896993999935 ], [ -70.661851190999982, -33.491180983999982 ], [ -70.662173653999972, -33.491886511999958 ], [ -70.662531289999947, -33.492644058999929 ], [ -70.662804438999956, -33.493227364999946 ], [ -70.663168008999961, -33.493996760999948 ], [ -70.663551003999942, -33.494813615999924 ], [ -70.663651639999955, -33.495012693999968 ], [ -70.663950282999963, -33.495662462999974 ], [ -70.664205865999975, -33.496219753999981 ], [ -70.664606901999946, -33.49708527699994 ], [ -70.664802945999952, -33.497507360999975 ], [ -70.664966325999956, -33.497859494999943 ], [ -70.665303464999965, -33.498585096999932 ], [ -70.665600321999989, -33.499214603999967 ], [ -70.665748808999979, -33.499532338999984 ], [ -70.665968625999952, -33.500005400999946 ], [ -70.666086940999946, -33.500249573999938 ], [ -70.66659, -33.501310000999972 ], [ -70.666964109999981, -33.502119893999975 ], [ -70.66717347499997, -33.502581879999987 ], [ -70.667332516999977, -33.502914740999977 ], [ -70.667693054999972, -33.503655290999959 ], [ -70.667790348999972, -33.50385727299993 ], [ -70.668133, -33.504615241999943 ], [ -70.668357210999943, -33.505075054999963 ], [ -70.66860668299995, -33.505611003999952 ], [ -70.668889320999938, -33.506209435999963 ], [ -70.669163990999948, -33.506807974999951 ], [ -70.669632848999981, -33.507788526999953 ], [ -70.669889141999988, -33.508319547999974 ], [ -70.670117184999981, -33.508803226999923 ], [ -70.670298772999956, -33.509181592999937 ], [ -70.670395013999951, -33.509387403999945 ], [ -70.67057215799997, -33.509771554999922 ], [ -70.670656440999949, -33.509947939999954 ], [ -70.67084067899998, -33.510345356999942 ], [ -70.671029621999935, -33.510750345999945 ], [ -70.672090835999938, -33.510338878999953 ], [ -70.672695731999966, -33.510078459999953 ], [ -70.673300458999961, -33.509809489999945 ], [ -70.673758733999989, -33.509621591999959 ], [ -70.675041744999987, -33.509061265999932 ], [ -70.675456764999979, -33.508880358999924 ], [ -70.676370329999941, -33.50848320799998 ], [ -70.676514634999933, -33.508423535999945 ], [ -70.67666173799995, -33.508376652999971 ], [ -70.676860194999961, -33.508346175999975 ], [ -70.678056266999988, -33.508302823999941 ], [ -70.678269845999978, -33.508267226999969 ], [ -70.678510432999985, -33.508172044999988 ], [ -70.679178659999934, -33.507889358999932 ], [ -70.679846674999965, -33.507595984 ], [ -70.680592986999955, -33.507260926999933 ], [ -70.681063780999978, -33.507062142999978 ], [ -70.681509060999986, -33.506863703999947 ], [ -70.682007540999962, -33.506645301999981 ], [ -70.682867973999976, -33.506274477999973 ], [ -70.683077854999965, -33.506175428999946 ], [ -70.683368997999935, -33.506056035999954 ], [ -70.683695772999954, -33.505931881999963 ], [ -70.683954578999987, -33.505855680999957 ], [ -70.684465854999985, -33.505752049999955 ], [ -70.684921305999978, -33.505599679999932 ], [ -70.68618418799997, -33.505164793999938 ], [ -70.687502451999933, -33.504719297999934 ], [ -70.688024527999971, -33.50453475299998 ], [ -70.688960565999935, -33.504218034999951 ], [ -70.689608596999975, -33.503980863999963 ], [ -70.690168636999942, -33.503780828999936 ], [ -70.690764430999934, -33.503582440999935 ], [ -70.691172568999946, -33.503444330999983 ], [ -70.692880805999948, -33.502848088999947 ], [ -70.694158994999952, -33.502404857999984 ], [ -70.694591361999983, -33.502267685999975 ], [ -70.695378421999976, -33.501996862999924 ], [ -70.695336683999983, -33.50191583099997 ], [ -70.694959811999979, -33.501174395999946 ], [ -70.69453301599998, -33.500355260999974 ], [ -70.694481764999978, -33.500250038999972 ], [ -70.694341263999945, -33.499978502999966 ] ] ] ] } }
]
}
